order_id,date,store,region,product,category,units_sold,unit_price,revenue
100000,2024-11-23,Braga-02,Norte,Whole Milk 1L,Dairy,18.0,0.88,15.84
100001,2024-03-12,Braga-02,Norte,Dish Soap,Household,35.0,1.72,60.2
100002,2024-08-04,Porto-01,Norte,Whole Milk 1L,Dairy,6.0,0.87,5.22
100003,2024-09-15,Porto-01,Norte,Frozen Pizza,Frozen,13.0,3.16,41.08
100004,2024-12-25,Evora-07,Alentejo,Croissant,Bakery,29.0,0.82,23.78
100005,2024-01-04,Coimbra-03,Centro,Paper Towels 4pk,Household,28.0,2.29,64.12
100006,2024-03-20,Aveiro-04,Centro,Tomatoes 1kg,Produce,7.0,1.53,10.71
100007,2024-02-19,Sintra-06,Lisboa,Tomatoes 1kg,Produce,39.0,1.57,61.23
100008,2024-01-23,Faro-08,Algarve,Frozen Pizza,Frozen,8.0,3.28,26.24
100009,2024-07-12,Braga-02,Norte,Frozen Pizza,Frozen,19.0,3.21,60.99
100010,2024-11-12,Sintra-06,Lisboa,Ice Cream 1L,Frozen,13.0,3.68,47.84
100011,2024-01-24,Aveiro-04,Centro,Bananas 1kg,Produce,6.0,1.28,7.68
100012,2024-02-21,Evora-07,Alentejo,Bananas 1kg,Produce,30.0,1.24,37.2
100013,2024-07-05,Coimbra-03,Centro,Tomatoes 1kg,Produce,23.0,1.56,35.88
100014,2024-05-16,Braga-02,Norte,Ice Cream 1L,Frozen,11.0,3.6,39.6
100015,2024-05-05,Coimbra-03,Centro,Orange Juice 1L,Beverages,25.0,1.28,32.0
100016,2024-11-23,Aveiro-04,Centro,Dish Soap,Household,21.0,1.93,40.53
100017,2024-01-29,Aveiro-04,Centro,Whole Milk 1L,Dairy,21.0,0.9,18.9
100018,2024-02-03,Aveiro-04,Centro,Ice Cream 1L,Frozen,21.0,3.43,72.03
100019,2024-09-12,Evora-07,Alentejo,Dish Soap,HOUSEHOLD,30.0,1.74,52.2
100020,2024-03-12,Aveiro-04,Centro,Paper Towels 4pk,Household,36.0,2.36,84.96
100021,2024-10-26,Evora-07,Alentejo,Ice Cream 1L,Frozen,26.0,3.51,91.26
100022,2024-03-11,Faro-08,Algarve,Greek Yogurt 500g,Dairy,4.0,1.61,6.44
100023,2024-03-19,Coimbra-03,Centro,Dish Soap,Household,28.0,1.86,52.08
100024,2024-07-16,Evora-07,Alentejo,Ice Cream 1L,Frozen,30.0,3.59,107.7
100025,2024-10-10,Porto-01,Norte,Dish Soap,Household,8.0,1.88,15.04
100026,2024-10-01,Lisboa-05,Lisboa,Dish Soap,Household,22.0,1.73,38.06
100027,2024-08-10,Coimbra-03,Centro,Orange Juice 1L,Beverages,1.0,1.41,1.41
100028,2024-05-14,Coimbra-03,Centro,Frozen Pizza,Frozen,7.0,3.23,22.61
100029,2024-06-01,Aveiro-04,Centro,Sourdough Bread,Bakery,24.0,2.12,50.88
100030,2024-10-03,Porto-01,Norte,Ice Cream 1L,Frozen,21.0,3.57,74.97
100031,2024-02-27,Sintra-06,Lisboa,Bananas 1kg,Produce,16.0,1.14,18.24
100032,2024-10-17,Braga-02,Norte,Greek Yogurt 500g,Dairy,32.0,1.6,51.2
100033,2024-09-29,Coimbra-03,Centro,Sourdough Bread,Bakery,31.0,2.17,67.27
100034,2024-03-25,Lisboa-05,Lisboa,Frozen Pizza,Frozen,39.0,3.03,118.17
100035,2024-04-18,Aveiro-04,Centro,Paper Towels 4pk,Household,20.0,2.31,46.2
100036,2024-12-09,Sintra-06,Lisboa,Orange Juice 1L,Beverages,34.0,1.31,44.54
100037,2024-05-06,Aveiro-04,Centro,Greek Yogurt 500g,Dairy,22.0,1.42,31.24
100038,2024-10-10,Aveiro-04,Centro,Ice Cream 1L,Frozen,15.0,3.32,49.8
100039,2024-12-28,Porto-01,Norte,Croissant,BAKERY,5.0,0.86,4.3
100040,2024-06-18,Braga-02,Norte,Frozen Pizza,Frozen,16.0,2.97,47.52
100041,2024-09-05,Aveiro-04,Centro,Frozen Pizza,Frozen,9.0,3.16,28.44
100042,2024-10-19,Faro-08,Algarve,Croissant,Bakery,31.0,0.85,26.35
100043,2024-04-07,Braga-02,Norte,Greek Yogurt 500g,Dairy,28.0,1.49,41.72
100044,2024-07-29,Faro-08,Algarve,Paper Towels 4pk,Household,4.0,2.41,9.64
100045,2024-11-26,Braga-02,Norte,Whole Milk 1L,Dairy,26.0,0.94,24.44
100046,2024-02-25,Aveiro-04,Centro,Croissant,Bakery,13.0,0.81,10.53
100047,2024-03-12,Evora-07,Alentejo,Sourdough Bread,Bakery,18.0,2.03,36.54
100048,2024-02-08,Faro-08,Algarve,Frozen Pizza,Frozen,7.0,2.86,20.02
100049,2024-10-03,Porto-01,Norte,Greek Yogurt 500g,Dairy,16.0,1.45,23.2
100050,2024-09-05,Faro-08,Algarve,Croissant,Bakery,26.0,0.86,22.36
100051,2024-03-25,Evora-07,Alentejo,Whole Milk 1L,Dairy,25.0,0.88,22.0
100052,2024-08-20,Lisboa-05,Lisboa,Sparkling Water 1.5L,Beverages,36.0,0.58,20.88
100053,2024-09-06,Coimbra-03,Centro,Croissant,Bakery,19.0,0.78,14.82
100054,2024-01-30,Porto-01,Norte,Paper Towels 4pk,Household,21.0,2.2,46.2
100055,2024-10-26,Faro-08,Algarve,Frozen Pizza,Frozen,34.0,2.91,98.94
100056,2024-09-17,Braga-02,Norte,Sourdough Bread,Bakery,5.0,2.07,10.35
100057,2024-12-11,Aveiro-04,Centro,Sparkling Water 1.5L,Beverages,8.0,0.6,4.8
100058,2024-10-18,Aveiro-04,Centro,Ice Cream 1L,Frozen,39.0,3.34,130.26
100059,2024-02-11,Evora-07,Alentejo,Dish Soap,HOUSEHOLD,38.0,1.85,70.3
100060,2024-06-10,Lisboa-05,Lisboa,Croissant,Bakery,21.0,0.78,16.38
100061,2024-07-21,Coimbra-03,Centro,Dish Soap,Household,20.0,1.82,36.4
100062,2024-02-07,Porto-01,Norte,Orange Juice 1L,Beverages,40.0,1.42,56.8
100063,2024-02-21,Braga-02,Norte,Frozen Pizza,Frozen,14.0,3.07,42.98
100064,2024-03-08,Sintra-06,Lisboa,Greek Yogurt 500g,Dairy,16.0,1.5,24.0
100065,2024-03-21,Faro-08,Algarve,Frozen Pizza,Frozen,,3.11,62.2
100066,2024-11-30,Porto-01,Norte,Dish Soap,Household,36.0,1.78,64.08
100067,2024-12-05,Braga-02,Norte,Sourdough Bread,Bakery,17.0,1.92,32.64
100068,2024-02-24,Coimbra-03,Centro,Bananas 1kg,Produce,19.0,1.24,23.56
100069,2024-06-24,Aveiro-04,Centro,Dish Soap,Household,17.0,1.84,31.28
100070,2024-05-08,Porto-01,Norte,Greek Yogurt 500g,Dairy,28.0,1.6,44.8
100071,2024-01-23,Porto-01,Norte,Tomatoes 1kg,Produce,9.0,1.66,14.94
100072,2024-05-14,Coimbra-03,Centro,Paper Towels 4pk,Household,29.0,2.37,68.73
100073,2024-08-06,Porto-01,Norte,Greek Yogurt 500g,Dairy,5.0,1.63,8.15
100074,2024-12-19,Coimbra-03,Centro,Frozen Pizza,Frozen,3.0,3.21,9.63
100075,2024-10-25,Coimbra-03,Centro,Sparkling Water 1.5L,Beverages,9.0,0.53,4.77
100076,2024-07-05,Porto-01,Norte,Tomatoes 1kg,Produce,14.0,1.67,23.38
100077,2024-12-07,Braga-02,Norte,Tomatoes 1kg,Produce,36.0,1.72,61.92
100078,2024-07-27,Coimbra-03,Centro,Croissant,Bakery,11.0,0.87,9.57
100079,2024-03-31,Evora-07,Alentejo,Whole Milk 1L,Dairy,12.0,0.94,11.28
100080,2024-06-19,Evora-07,Alentejo,Dish Soap,Household,16.0,1.77,28.32
100081,2024-12-25,Braga-02,Norte,Sparkling Water 1.5L,Beverages,3.0,0.59,1.77
100082,2024-04-23,Aveiro-04,Centro,Orange Juice 1L,Beverages,23.0,1.28,29.44
100083,2024-04-26,Aveiro-04,Centro,Whole Milk 1L,Dairy,13.0,0.9,11.7
100084,2024-05-22,Braga-02,Norte,Bananas 1kg,Produce,23.0,1.25,28.75
100085,2024-07-23,Sintra-06,Lisboa,Whole Milk 1L,Dairy,8.0,0.96,7.68
100086,2024-05-13,Coimbra-03,Centro,Ice Cream 1L,Frozen,17.0,3.34,56.78
100087,2024-11-01,Evora-07,Alentejo,Tomatoes 1kg,Produce,21.0,1.61,33.81
100088,2024-09-18,Braga-02,Norte,Sparkling Water 1.5L,Beverages,37.0,0.54,19.98
100089,2024-01-23,Evora-07,Alentejo,Whole Milk 1L,Dairy,34.0,0.97,32.98
100090,2024-10-02,Aveiro-04,Centro,Tomatoes 1kg,Produce,28.0,1.53,42.84
100091,2024-12-06,Sintra-06,Lisboa,Ice Cream 1L,Frozen,21.0,3.66,76.86
100092,2024-03-04,Lisboa-05,Lisboa,Frozen Pizza,Frozen,20.0,3.14,62.8
100093,2024-06-16,Evora-07,Alentejo,Paper Towels 4pk,Household,19.0,2.37,45.03
100094,2024-04-08,Evora-07,Alentejo,Dish Soap,Household,25.0,1.88,47.0
100095,2024-03-30,Lisboa-05,Lisboa,Sparkling Water 1.5L,Beverages,36.0,0.59,21.24
100096,2024-06-04,Lisboa-05,Lisboa,Croissant,Bakery,28.0,0.84,23.52
100097,2024-11-06,Sintra-06,Lisboa,Orange Juice 1L,Beverages,29.0,1.31,37.99
100098,2024-04-19,Faro-08,Algarve,Paper Towels 4pk,HOUSEHOLD,11.0,2.4,26.4
100099,2024-05-25,Sintra-06,Lisboa,Greek Yogurt 500g,Dairy,16.0,1.57,25.12
100100,2024-04-25,Aveiro-04,Centro,Sourdough Bread,Bakery,2.0,1.9,3.8
100101,2024-08-31,Braga-02,Norte,Orange Juice 1L,Beverages,27.0,1.4,37.8
100102,2024-10-21,Aveiro-04,Centro,Paper Towels 4pk,Household,25.0,2.35,58.75
100103,2024-05-04,Coimbra-03,Centro,Dish Soap,Household,1.0,1.94,1.94
100104,2024-02-24,Evora-07,Alentejo,Croissant,Bakery,12.0,0.85,10.2
100105,2024-12-22,Faro-08,Algarve,Whole Milk 1L,Dairy,36.0,0.88,31.68
100106,2024-03-03,Faro-08,Algarve,Sourdough Bread,Bakery,30.0,2.09,62.7
100107,2024-10-13,Sintra-06,Lisboa,Orange Juice 1L,Beverages,40.0,1.38,55.2
100108,2024-09-15,Evora-07,Alentejo,Frozen Pizza,Frozen,29.0,3.24,93.96
100109,2024-08-31,Faro-08,Algarve,Bananas 1kg,PRODUCE,16.0,1.28,20.48
100110,2024-05-21,Faro-08,Algarve,Dish Soap,Household,16.0,1.77,28.32
100111,2024-02-09,Lisboa-05,Lisboa,Croissant,Bakery,18.0,0.79,14.22
100112,2024-10-03,Braga-02,Norte,Sourdough Bread,Bakery,10.0,1.96,19.6
100113,2024-12-21,Coimbra-03,Centro,Paper Towels 4pk,Household,14.0,2.2,30.8
100114,2024-07-27,Sintra-06,Lisboa,Frozen Pizza,Frozen,30.0,3.03,90.9
100115,2024-04-15,Evora-07,Alentejo,Sparkling Water 1.5L,Beverages,38.0,0.6,22.8
100116,2024-01-11,Evora-07,Alentejo,Orange Juice 1L,Beverages,1.0,1.41,1.41
100117,2024-06-01,Evora-07,Alentejo,Sparkling Water 1.5L,Beverages,35.0,0.58,20.3
100118,2024-10-06,Aveiro-04,Centro,Orange Juice 1L,Beverages,15.0,1.28,19.2
100119,2024-09-05,Porto-01,Norte,Sparkling Water 1.5L,Beverages,22.0,0.58,12.76
100120,2024-07-26,Coimbra-03,Centro,Orange Juice 1L,Beverages,9.0,1.42,12.78
100121,2024-09-30,Porto-01,Norte,Sparkling Water 1.5L,Beverages,38.0,0.57,21.66
100122,2024-01-14,Braga-02,Norte,Dish Soap,Household,28.0,1.74,48.72
100123,2024-08-24,Coimbra-03,Centro,Whole Milk 1L,Dairy,17.0,0.9,15.3
100124,2024-04-18,Faro-08,Algarve,Tomatoes 1kg,Produce,22.0,1.69,37.18
100125,2024-07-13,Lisboa-05,Lisboa,Sparkling Water 1.5L,Beverages,17.0,0.59,10.03
100126,2024-08-28,Porto-01,Norte,Paper Towels 4pk,Household,35.0,2.19,76.65
100127,2024-06-28,Aveiro-04,Centro,Dish Soap,HOUSEHOLD,5.0,1.91,9.55
100128,2024-11-29,Porto-01,Norte,Whole Milk 1L,Dairy,16.0,0.87,13.92
100129,2024-01-11,Coimbra-03,Centro,Croissant,Bakery,9.0,0.81,7.29
100130,2024-02-28,Aveiro-04,Centro,Orange Juice 1L,Beverages,17.0,1.37,23.29
100131,2024-03-26,Braga-02,Norte,Sourdough Bread,Bakery,,1.92,38.4
100132,2024-01-14,Lisboa-05,Lisboa,Ice Cream 1L,Frozen,25.0,3.52,88.0
100133,2024-04-11,Braga-02,Norte,Ice Cream 1L,Frozen,16.0,3.37,53.92
100134,2024-06-03,Braga-02,Norte,Ice Cream 1L,Frozen,3.0,3.5,10.5
100135,2024-08-07,Sintra-06,Lisboa,Greek Yogurt 500g,Dairy,33.0,1.56,51.48
100136,2024-01-07,Evora-07,Alentejo,Orange Juice 1L,Beverages,7.0,1.31,9.17
100137,2024-07-04,Faro-08,Algarve,Paper Towels 4pk,Household,10.0,2.33,23.3
100138,2024-09-24,Lisboa-05,Lisboa,Ice Cream 1L,Frozen,35.0,3.72,130.2
100139,2024-08-26,Evora-07,Alentejo,Paper Towels 4pk,Household,38.0,2.27,86.26
100140,2024-05-05,Braga-02,Norte,Bananas 1kg,Produce,29.0,1.17,33.93
100141,2024-08-25,Evora-07,Alentejo,Tomatoes 1kg,Produce,2.0,1.63,3.26
100142,2024-06-15,Coimbra-03,Centro,Orange Juice 1L,Beverages,14.0,1.29,18.06
100143,2024-05-12,Sintra-06,Lisboa,Bananas 1kg,Produce,39.0,1.26,49.14
100144,2024-05-21,Porto-01,Norte,Frozen Pizza,Frozen,13.0,2.88,37.44
100145,2024-07-27,Faro-08,Algarve,Frozen Pizza,Frozen,16.0,3.15,50.4
100146,2024-11-26,Faro-08,Algarve,Orange Juice 1L,Beverages,2.0,1.24,2.48
100147,2024-04-23,Evora-07,Alentejo,Paper Towels 4pk,HOUSEHOLD,16.0,2.28,36.48
100148,2024-10-24,Sintra-06,Lisboa,Orange Juice 1L,Beverages,36.0,1.33,47.88
100149,2024-08-05,Sintra-06,Lisboa,Tomatoes 1kg,Produce,30.0,1.58,47.4
100150,2024-05-08,Aveiro-04,Centro,Greek Yogurt 500g,Dairy,13.0,1.49,19.37
100151,2024-10-01,Coimbra-03,Centro,Croissant,Bakery,14.0,0.84,11.76
100152,2024-05-21,Lisboa-05,Lisboa,Greek Yogurt 500g,Dairy,13.0,1.48,19.24
100153,2024-07-03,Coimbra-03,Centro,Bananas 1kg,Produce,1.0,1.26,1.26
100154,2024-03-05,Lisboa-05,Lisboa,Whole Milk 1L,Dairy,4.0,0.92,3.68
100155,2024-12-23,Coimbra-03,Centro,Dish Soap,Household,32.0,1.73,55.36
100156,2024-01-07,Lisboa-05,Lisboa,Orange Juice 1L,Beverages,31.0,1.31,40.61
100157,2024-04-04,Porto-01,Norte,Bananas 1kg,PRODUCE,31.0,1.15,35.65
100158,2024-02-03,Evora-07,Alentejo,Orange Juice 1L,Beverages,5.0,1.34,6.7
100159,2024-12-17,Porto-01,Norte,Sourdough Bread,Bakery,10.0,2.13,21.3
100160,2024-06-04,Braga-02,Norte,Croissant,Bakery,8.0,0.82,6.56
100161,2024-08-01,Aveiro-04,Centro,Frozen Pizza,Frozen,25.0,3.04,76.0
100162,2024-08-14,Lisboa-05,Lisboa,Ice Cream 1L,Frozen,28.0,3.48,97.44
100163,2024-11-13,Porto-01,Norte,Ice Cream 1L,Frozen,7.0,3.81,26.67
100164,2024-04-16,Aveiro-04,Centro,Bananas 1kg,PRODUCE,6.0,1.16,6.96
100165,2024-03-29,Braga-02,Norte,Sourdough Bread,Bakery,1.0,2.01,2.01
100166,2024-12-18,Faro-08,Algarve,Bananas 1kg,Produce,3.0,1.17,3.51
100167,2024-12-27,Lisboa-05,Lisboa,Paper Towels 4pk,Household,30.0,2.2,66.0
100168,2024-04-29,Lisboa-05,Lisboa,Dish Soap,Household,38.0,1.88,71.44
100169,2024-04-11,Evora-07,Alentejo,Greek Yogurt 500g,Dairy,35.0,1.47,51.45
100170,2024-03-17,Lisboa-05,Lisboa,Sourdough Bread,Bakery,5.0,1.91,9.55
100171,2024-06-06,Lisboa-05,Lisboa,Orange Juice 1L,Beverages,8.0,1.32,10.56
100172,2024-06-04,Evora-07,Alentejo,Bananas 1kg,Produce,33.0,1.23,40.59
100173,2024-08-12,Braga-02,Norte,Ice Cream 1L,Frozen,3.0,3.78,11.34
100174,2024-06-14,Lisboa-05,Lisboa,Whole Milk 1L,Dairy,6.0,0.88,5.28
100175,2024-12-11,Porto-01,Norte,Dish Soap,Household,18.0,1.86,33.48
100176,2024-03-30,Faro-08,Algarve,Frozen Pizza,Frozen,29.0,3.25,94.25
100177,2024-04-02,Evora-07,Alentejo,Dish Soap,Household,32.0,1.96,62.72
100178,2024-08-28,Sintra-06,Lisboa,Sparkling Water 1.5L,Beverages,22.0,0.55,12.1
100179,2024-02-23,Coimbra-03,Centro,Tomatoes 1kg,Produce,27.0,1.68,45.36
100180,2024-05-27,Evora-07,Alentejo,Frozen Pizza,FROZEN,3.0,3.04,9.12
100181,2024-06-10,Lisboa-05,Lisboa,Tomatoes 1kg,Produce,8.0,1.74,13.92
100182,2024-07-25,Porto-01,Norte,Dish Soap,Household,35.0,1.82,63.7
100183,2024-01-28,Aveiro-04,Centro,Frozen Pizza,Frozen,24.0,3.12,74.88
100184,2024-09-12,Faro-08,Algarve,Whole Milk 1L,Dairy,14.0,0.88,12.32
100185,2024-03-08,Lisboa-05,Lisboa,Orange Juice 1L,Beverages,32.0,1.25,40.0
100186,2024-11-18,Aveiro-04,Centro,Paper Towels 4pk,Household,,2.28,25.08
100187,2024-01-08,Evora-07,Alentejo,Greek Yogurt 500g,Dairy,15.0,1.64,24.6
100188,2024-02-28,Faro-08,Algarve,Greek Yogurt 500g,Dairy,10.0,1.53,15.3
100189,2024-05-29,Lisboa-05,Lisboa,Sparkling Water 1.5L,Beverages,31.0,0.6,18.6
100190,2024-05-04,Faro-08,Algarve,Frozen Pizza,Frozen,10.0,3.01,30.1
100191,2024-11-02,Coimbra-03,Centro,Greek Yogurt 500g,Dairy,18.0,1.59,28.62
100192,2024-07-31,Sintra-06,Lisboa,Frozen Pizza,Frozen,18.0,3.21,57.78
100193,2024-05-24,Lisboa-05,Lisboa,Ice Cream 1L,Frozen,38.0,3.84,145.92
100194,2024-09-07,Coimbra-03,Centro,Orange Juice 1L,Beverages,35.0,1.32,46.2
100195,2024-06-19,Evora-07,Alentejo,Orange Juice 1L,Beverages,21.0,1.39,29.19
100196,2024-12-23,Aveiro-04,Centro,Ice Cream 1L,Frozen,25.0,3.44,86.0
100197,2024-07-29,Porto-01,Norte,Tomatoes 1kg,Produce,31.0,1.68,52.08
100198,2024-07-14,Evora-07,Alentejo,Dish Soap,Household,10.0,1.83,18.3
100199,2024-01-19,Coimbra-03,Centro,Frozen Pizza,Frozen,38.0,2.99,113.62
100200,2024-02-21,Faro-08,Algarve,Greek Yogurt 500g,Dairy,34.0,1.62,55.08
100201,2024-01-08,Coimbra-03,Centro,Sparkling Water 1.5L,Beverages,10.0,0.53,5.3
100202,2024-05-15,Sintra-06,Lisboa,Ice Cream 1L,Frozen,26.0,3.66,95.16
100203,2024-06-17,Evora-07,Alentejo,Tomatoes 1kg,Produce,32.0,1.72,55.04
100204,2024-01-19,Braga-02,Norte,Croissant,Bakery,19.0,0.87,16.53
100205,2024-02-16,Evora-07,Alentejo,Greek Yogurt 500g,Dairy,7.0,1.51,10.57
100206,2024-12-21,Lisboa-05,Lisboa,Whole Milk 1L,Dairy,3.0,0.89,2.67
100207,2024-01-29,Lisboa-05,Lisboa,Tomatoes 1kg,Produce,24.0,1.61,38.64
100208,2024-05-05,Evora-07,Alentejo,Ice Cream 1L,Frozen,12.0,3.4,40.8
100209,2024-02-10,Evora-07,Alentejo,Ice Cream 1L,Frozen,16.0,3.58,57.28
100210,2024-10-25,Coimbra-03,Centro,Croissant,Bakery,30.0,0.83,24.9
100211,2024-08-23,Lisboa-05,Lisboa,Dish Soap,Household,1.0,1.94,1.94
100212,2024-08-26,Lisboa-05,Lisboa,Dish Soap,Household,35.0,1.74,60.9
100213,2024-08-14,Sintra-06,Lisboa,Ice Cream 1L,Frozen,20.0,3.65,73.0
100214,2024-08-05,Lisboa-05,Lisboa,Orange Juice 1L,Beverages,20.0,1.26,25.2
100215,2024-07-15,Faro-08,Algarve,Greek Yogurt 500g,Dairy,16.0,1.5,24.0
100216,2024-07-02,Lisboa-05,Lisboa,Paper Towels 4pk,Household,19.0,2.18,41.42
100217,2024-12-03,Evora-07,Alentejo,Bananas 1kg,Produce,1.0,1.23,1.23
100218,2024-12-17,Porto-01,Norte,Ice Cream 1L,Frozen,32.0,3.75,120.0
100219,2024-05-26,Aveiro-04,Centro,Ice Cream 1L,Frozen,23.0,3.43,78.89
100220,2024-04-07,Lisboa-05,Lisboa,Dish Soap,Household,9.0,1.87,16.83
100221,2024-11-17,Porto-01,Norte,Bananas 1kg,Produce,29.0,1.14,33.06
100222,2024-07-05,Coimbra-03,Centro,Greek Yogurt 500g,Dairy,19.0,1.49,28.31
100223,2024-07-31,Coimbra-03,Centro,Croissant,Bakery,9.0,0.84,7.56
100224,2024-07-06,Lisboa-05,Lisboa,Sourdough Bread,Bakery,17.0,2.16,36.72
100225,2024-09-03,Lisboa-05,Lisboa,Paper Towels 4pk,Household,22.0,2.45,53.9
100226,2024-08-27,Braga-02,Norte,Sourdough Bread,Bakery,15.0,2.15,32.25
100227,2024-12-11,Evora-07,Alentejo,Frozen Pizza,Frozen,24.0,2.88,69.12
100228,2024-07-21,Porto-01,Norte,Bananas 1kg,Produce,35.0,1.15,40.25
100229,2024-07-07,Lisboa-05,Lisboa,Ice Cream 1L,Frozen,25.0,3.75,93.75
100230,2024-07-09,Braga-02,Norte,Dish Soap,Household,15.0,1.83,27.45
100231,2024-11-13,Sintra-06,Lisboa,Ice Cream 1L,Frozen,15.0,3.65,54.75
100232,2024-11-21,Faro-08,Algarve,Paper Towels 4pk,Household,20.0,2.4,48.0
100233,2024-02-29,Coimbra-03,Centro,Whole Milk 1L,Dairy,3.0,0.89,2.67
100234,2024-09-09,Braga-02,Norte,Greek Yogurt 500g,Dairy,16.0,1.61,25.76
100235,2024-03-10,Evora-07,Alentejo,Orange Juice 1L,Beverages,24.0,1.36,32.64
100236,2024-12-22,Evora-07,Alentejo,Ice Cream 1L,Frozen,10.0,3.78,37.8
100237,2024-12-01,Braga-02,Norte,Orange Juice 1L,Beverages,40.0,1.3,52.0
100238,2024-05-23,Porto-01,Norte,Paper Towels 4pk,Household,24.0,2.25,54.0
100239,2024-08-15,Aveiro-04,Centro,Tomatoes 1kg,Produce,7.0,1.74,12.18
100240,2024-07-07,Sintra-06,Lisboa,Whole Milk 1L,Dairy,26.0,0.88,22.88
100241,2024-03-03,Faro-08,Algarve,Greek Yogurt 500g,Dairy,14.0,1.56,21.84
100242,2024-11-01,Porto-01,Norte,Whole Milk 1L,Dairy,22.0,0.88,19.36
100243,2024-03-05,Aveiro-04,Centro,Greek Yogurt 500g,Dairy,36.0,1.46,52.56
100244,2024-04-20,Aveiro-04,Centro,Tomatoes 1kg,Produce,10.0,1.7,17.0
100245,2024-11-01,Porto-01,Norte,Bananas 1kg,Produce,10.0,1.31,13.1
100246,2024-10-03,Lisboa-05,Lisboa,Sourdough Bread,Bakery,8.0,2.09,16.72
100247,2024-01-14,Coimbra-03,Centro,Whole Milk 1L,Dairy,23.0,0.95,21.85
100248,2024-05-01,Sintra-06,Lisboa,Whole Milk 1L,Dairy,12.0,0.88,10.56
100249,2024-03-05,Evora-07,Alentejo,Frozen Pizza,Frozen,8.0,3.17,25.36
100250,2024-08-31,Faro-08,Algarve,Tomatoes 1kg,Produce,33.0,1.65,54.45
100251,2024-08-19,Aveiro-04,Centro,Ice Cream 1L,Frozen,3.0,3.7,11.1
100252,2024-12-03,Lisboa-05,Lisboa,Orange Juice 1L,Beverages,2.0,1.24,2.48
100253,2024-09-02,Evora-07,Alentejo,Sparkling Water 1.5L,Beverages,7.0,0.56,3.92
100254,2024-08-15,Braga-02,Norte,Greek Yogurt 500g,Dairy,21.0,1.55,32.55
100255,2024-02-03,Coimbra-03,Centro,Bananas 1kg,Produce,40.0,1.24,49.6
100256,2024-10-07,Sintra-06,Lisboa,Sparkling Water 1.5L,Beverages,39.0,0.57,22.23
100257,2024-08-20,Evora-07,Alentejo,Greek Yogurt 500g,Dairy,8.0,1.61,12.88
100258,2024-11-29,Aveiro-04,Centro,Sparkling Water 1.5L,Beverages,29.0,0.6,17.4
100259,2024-07-30,Sintra-06,Lisboa,Orange Juice 1L,Beverages,26.0,1.31,34.06
100260,2024-02-18,Sintra-06,Lisboa,Sparkling Water 1.5L,Beverages,21.0,0.58,12.18
100261,2024-07-10,Coimbra-03,Centro,Dish Soap,Household,31.0,1.72,53.32
100262,2024-02-13,Braga-02,Norte,Sparkling Water 1.5L,Beverages,7.0,0.58,4.06
100263,2024-07-09,Coimbra-03,Centro,Frozen Pizza,Frozen,4.0,3.1,12.4
100264,2024-10-14,Sintra-06,Lisboa,Dish Soap,Household,8.0,1.81,14.48
100265,2024-12-06,Evora-07,Alentejo,Paper Towels 4pk,Household,4.0,2.51,10.04
100266,2024-11-03,Lisboa-05,Lisboa,Tomatoes 1kg,Produce,7.0,1.65,11.55
100267,2024-04-18,Coimbra-03,Centro,Dish Soap,Household,31.0,1.76,54.56
100268,2024-02-25,Sintra-06,Lisboa,Frozen Pizza,Frozen,24.0,2.89,69.36
100269,2024-05-22,Aveiro-04,Centro,Sparkling Water 1.5L,Beverages,36.0,0.6,21.6
100270,2024-11-14,Porto-01,Norte,Ice Cream 1L,Frozen,18.0,3.33,59.94
100271,2024-05-19,Lisboa-05,Lisboa,Tomatoes 1kg,Produce,23.0,1.51,34.73
100272,2024-03-14,Evora-07,Alentejo,Greek Yogurt 500g,Dairy,10.0,1.58,15.8
100273,2024-01-16,Braga-02,Norte,Paper Towels 4pk,Household,34.0,2.25,76.5
100274,2024-08-02,Faro-08,Algarve,Tomatoes 1kg,Produce,11.0,1.6,17.6
100275,2024-06-15,Braga-02,Norte,Whole Milk 1L,Dairy,10.0,0.87,8.7
100276,2024-11-12,Porto-01,Norte,Dish Soap,Household,6.0,1.77,10.62
100277,2024-12-04,Evora-07,Alentejo,Orange Juice 1L,Beverages,39.0,1.31,51.09
100278,2024-05-19,Aveiro-04,Centro,Frozen Pizza,Frozen,,3.0,24.0
100279,2024-02-26,Lisboa-05,Lisboa,Dish Soap,Household,38.0,1.83,69.54
100280,2024-12-07,Lisboa-05,Lisboa,Whole Milk 1L,Dairy,15.0,0.9,13.5
100281,2024-11-02,Porto-01,Norte,Whole Milk 1L,Dairy,14.0,0.89,12.46
100282,2024-04-18,Coimbra-03,Centro,Bananas 1kg,Produce,19.0,1.19,22.61
100283,2024-01-04,Faro-08,Algarve,Paper Towels 4pk,Household,28.0,2.24,62.72
100284,2024-07-13,Aveiro-04,Centro,Frozen Pizza,Frozen,36.0,3.21,115.56
100285,2024-06-30,Braga-02,Norte,Sparkling Water 1.5L,Beverages,3.0,0.56,1.68
100286,2024-08-23,Braga-02,Norte,Tomatoes 1kg,Produce,37.0,1.61,59.57
100287,2024-07-26,Evora-07,Alentejo,Bananas 1kg,Produce,8.0,1.2,9.6
100288,2024-06-15,Coimbra-03,Centro,Ice Cream 1L,Frozen,30.0,3.75,112.5
100289,2024-07-04,Braga-02,Norte,Sparkling Water 1.5L,Beverages,7.0,0.54,3.78
100290,2024-10-28,Evora-07,Alentejo,Frozen Pizza,Frozen,6.0,3.02,18.12
100291,2024-06-07,Sintra-06,Lisboa,Croissant,Bakery,22.0,0.84,18.48
100292,2024-02-09,Braga-02,Norte,Frozen Pizza,FROZEN,33.0,2.93,96.69
100293,2024-06-27,Sintra-06,Lisboa,Paper Towels 4pk,Household,10.0,2.26,22.6
100294,2024-03-15,Lisboa-05,Lisboa,Croissant,Bakery,12.0,0.82,9.84
100295,2024-12-01,Braga-02,Norte,Sourdough Bread,Bakery,32.0,2.03,64.96
100296,2024-10-15,Faro-08,Algarve,Dish Soap,Household,37.0,1.87,69.19
100297,2024-11-15,Sintra-06,Lisboa,Dish Soap,Household,21.0,1.74,36.54
100298,2024-02-04,Faro-08,Algarve,Orange Juice 1L,Beverages,20.0,1.38,27.6
100299,2024-10-29,Porto-01,Norte,Tomatoes 1kg,Produce,33.0,1.53,50.49
100300,2024-08-24,Faro-08,Algarve,Whole Milk 1L,Dairy,4.0,0.89,3.56
100301,2024-05-26,Braga-02,Norte,Dish Soap,Household,6.0,1.87,11.22
100302,2024-09-16,Evora-07,Alentejo,Orange Juice 1L,Beverages,38.0,1.33,50.54
100303,2024-01-22,Faro-08,Algarve,Ice Cream 1L,Frozen,13.0,3.48,45.24
100304,2024-08-31,Coimbra-03,Centro,Whole Milk 1L,Dairy,29.0,0.86,24.94
100305,2024-06-24,Braga-02,Norte,Frozen Pizza,Frozen,12.0,2.86,34.32
100306,2024-12-28,Faro-08,Algarve,Orange Juice 1L,Beverages,34.0,1.33,45.22
100307,2024-03-22,Sintra-06,Lisboa,Tomatoes 1kg,Produce,19.0,1.6,30.4
100308,2024-06-22,Porto-01,Norte,Dish Soap,Household,22.0,1.72,37.84
100309,2024-02-18,Evora-07,Alentejo,Bananas 1kg,Produce,17.0,1.26,21.42
100310,2024-12-02,Coimbra-03,Centro,Tomatoes 1kg,Produce,6.0,1.65,9.9
100311,2024-03-13,Sintra-06,Lisboa,Bananas 1kg,Produce,26.0,1.15,29.9
100312,2024-12-28,Braga-02,Norte,Bananas 1kg,Produce,36.0,1.2,43.2
100313,2024-06-17,Coimbra-03,Centro,Dish Soap,Household,34.0,1.73,58.82
100314,2024-12-09,Evora-07,Alentejo,Frozen Pizza,Frozen,24.0,2.85,68.4
100315,2024-06-07,Coimbra-03,Centro,Croissant,Bakery,22.0,0.86,18.92
100316,2024-09-05,Aveiro-04,Centro,Croissant,Bakery,9.0,0.77,6.93
100317,2024-05-31,Braga-02,Norte,Frozen Pizza,Frozen,35.0,3.22,112.7
100318,2024-09-26,Porto-01,Norte,Dish Soap,Household,22.0,1.94,42.68
100319,2024-11-12,Coimbra-03,Centro,Ice Cream 1L,Frozen,25.0,3.4,85.0
100320,2024-04-02,Coimbra-03,Centro,Paper Towels 4pk,Household,29.0,2.19,63.51
100321,2024-07-05,Aveiro-04,Centro,Orange Juice 1L,Beverages,40.0,1.28,51.2
100322,2024-08-17,Aveiro-04,Centro,Frozen Pizza,Frozen,16.0,2.98,47.68
100323,2024-08-28,Aveiro-04,Centro,Tomatoes 1kg,Produce,37.0,1.75,64.75
100324,2024-08-24,Lisboa-05,Lisboa,Sparkling Water 1.5L,Beverages,33.0,0.57,18.81
100325,2024-03-23,Aveiro-04,Centro,Ice Cream 1L,Frozen,9.0,3.77,33.93
100326,2024-01-27,Faro-08,Algarve,Tomatoes 1kg,Produce,36.0,1.73,62.28
100327,2024-12-30,Braga-02,Norte,Bananas 1kg,Produce,6.0,1.27,7.62
100328,2024-05-19,Faro-08,Algarve,Frozen Pizza,Frozen,10.0,3.21,32.1
100329,2024-02-16,Aveiro-04,Centro,Orange Juice 1L,Beverages,23.0,1.41,32.43
100330,2024-07-31,Porto-01,Norte,Sparkling Water 1.5L,Beverages,33.0,0.55,18.15
100331,2024-07-16,Braga-02,Norte,Tomatoes 1kg,Produce,15.0,1.52,22.8
100332,2024-02-20,Sintra-06,Lisboa,Sourdough Bread,Bakery,9.0,1.9,17.1
100333,2024-08-29,Coimbra-03,Centro,Paper Towels 4pk,Household,31.0,2.33,72.23
100334,2024-01-03,Braga-02,Norte,Whole Milk 1L,Dairy,17.0,0.87,14.79
100335,2024-03-17,Evora-07,Alentejo,Greek Yogurt 500g,Dairy,19.0,1.47,27.93
100336,2024-03-03,Porto-01,Norte,Croissant,Bakery,27.0,0.83,22.41
100337,2024-11-14,Faro-08,Algarve,Greek Yogurt 500g,Dairy,8.0,1.6,12.8
100338,2024-09-12,Porto-01,Norte,Dish Soap,Household,33.0,1.85,61.05
100339,2024-03-14,Lisboa-05,Lisboa,Sparkling Water 1.5L,Beverages,1.0,0.57,0.57
100340,2024-05-03,Evora-07,Alentejo,Sourdough Bread,Bakery,6.0,2.05,12.3
100341,2024-07-03,Braga-02,Norte,Frozen Pizza,Frozen,35.0,3.07,107.45
100342,2024-09-16,Porto-01,Norte,Sparkling Water 1.5L,Beverages,31.0,0.53,16.43
100343,2024-07-17,Sintra-06,Lisboa,Bananas 1kg,Produce,2.0,1.19,2.38
100344,2024-02-04,Sintra-06,Lisboa,Croissant,Bakery,7.0,0.84,5.88
100345,2024-06-19,Coimbra-03,Centro,Whole Milk 1L,Dairy,23.0,0.92,21.16
100346,2024-11-25,Coimbra-03,Centro,Dish Soap,Household,30.0,1.96,58.8
100347,2024-09-02,Coimbra-03,Centro,Sourdough Bread,Bakery,5.0,2.1,10.5
100348,2024-08-22,Porto-01,Norte,Bananas 1kg,Produce,13.0,1.14,14.82
100349,2024-04-12,Porto-01,Norte,Tomatoes 1kg,Produce,20.0,1.63,32.6
100350,2024-10-05,Faro-08,Algarve,Bananas 1kg,Produce,3.0,1.26,3.78
100351,2024-04-07,Lisboa-05,Lisboa,Tomatoes 1kg,Produce,4.0,1.72,6.88
100352,2024-06-18,Lisboa-05,Lisboa,Greek Yogurt 500g,Dairy,24.0,1.51,36.24
100353,2024-07-23,Faro-08,Algarve,Sparkling Water 1.5L,Beverages,22.0,0.6,13.2
100354,2024-09-11,Faro-08,Algarve,Tomatoes 1kg,Produce,34.0,1.57,53.38
100355,2024-02-12,Evora-07,Alentejo,Greek Yogurt 500g,Dairy,28.0,1.55,43.4
100356,2024-04-02,Lisboa-05,Lisboa,Tomatoes 1kg,Produce,7.0,1.53,10.71
100357,2024-12-04,Lisboa-05,Lisboa,Bananas 1kg,Produce,29.0,1.24,35.96
100358,2024-08-06,Coimbra-03,Centro,Paper Towels 4pk,Household,29.0,2.3,66.7
100359,2024-01-22,Sintra-06,Lisboa,Ice Cream 1L,Frozen,28.0,3.46,96.88
100360,2024-01-30,Braga-02,Norte,Dish Soap,Household,26.0,1.8,46.8
100361,2024-12-13,Coimbra-03,Centro,Whole Milk 1L,Dairy,10.0,0.96,9.6
100362,2024-12-13,Faro-08,Algarve,Whole Milk 1L,Dairy,9.0,0.85,7.65
100363,2024-11-26,Sintra-06,Lisboa,Tomatoes 1kg,Produce,25.0,1.74,43.5
100364,2024-01-17,Coimbra-03,Centro,Dish Soap,Household,29.0,1.96,56.84
100365,2024-07-09,Faro-08,Algarve,Greek Yogurt 500g,Dairy,37.0,1.45,53.65
100366,2024-07-06,Evora-07,Alentejo,Tomatoes 1kg,Produce,18.0,1.57,28.26
100367,2024-02-28,Porto-01,Norte,Paper Towels 4pk,Household,12.0,2.35,28.2
100368,2024-07-17,Braga-02,Norte,Bananas 1kg,Produce,17.0,1.26,21.42
100369,2024-04-19,Lisboa-05,Lisboa,Paper Towels 4pk,Household,32.0,2.24,71.68
100370,2024-03-10,Braga-02,Norte,Orange Juice 1L,Beverages,12.0,1.4,16.8
100371,2024-08-15,Braga-02,Norte,Dish Soap,Household,21.0,1.88,39.48
100372,2024-12-29,Braga-02,Norte,Frozen Pizza,Frozen,35.0,2.97,103.95
100373,2024-06-02,Coimbra-03,Centro,Paper Towels 4pk,Household,12.0,2.45,29.4
100374,2024-09-17,Aveiro-04,Centro,Greek Yogurt 500g,Dairy,13.0,1.59,20.67
100375,2024-05-01,Faro-08,Algarve,Whole Milk 1L,Dairy,24.0,0.92,22.08
100376,2024-07-07,Faro-08,Algarve,Frozen Pizza,Frozen,9.0,3.11,27.99
100377,2024-02-14,Braga-02,Norte,Bananas 1kg,Produce,26.0,1.31,34.06
100378,2024-09-02,Evora-07,Alentejo,Sparkling Water 1.5L,BEVERAGES,37.0,0.53,19.61
100379,2024-06-11,Braga-02,Norte,Orange Juice 1L,Beverages,30.0,1.36,40.8
100380,2024-06-25,Coimbra-03,Centro,Frozen Pizza,Frozen,38.0,2.92,110.96
100381,2024-03-07,Evora-07,Alentejo,Frozen Pizza,FROZEN,4.0,3.21,12.84
100382,2024-09-22,Coimbra-03,Centro,Bananas 1kg,Produce,11.0,1.16,12.76
100383,2024-12-29,Aveiro-04,Centro,Tomatoes 1kg,Produce,34.0,1.72,58.48
100384,2024-02-10,Lisboa-05,Lisboa,Croissant,BAKERY,36.0,0.78,28.08
100385,2024-11-16,Lisboa-05,Lisboa,Ice Cream 1L,Frozen,,3.36,117.6
100386,2024-11-24,Coimbra-03,Centro,Ice Cream 1L,Frozen,38.0,3.4,129.2
100387,2024-12-03,Sintra-06,Lisboa,Ice Cream 1L,Frozen,3.0,3.75,11.25
100388,2024-01-15,Braga-02,Norte,Whole Milk 1L,Dairy,37.0,0.88,32.56
100389,2024-04-17,Evora-07,Alentejo,Ice Cream 1L,Frozen,2.0,3.58,7.16
100390,2024-11-17,Lisboa-05,Lisboa,Dish Soap,Household,20.0,1.83,36.6
100391,2024-12-16,Evora-07,Alentejo,Bananas 1kg,Produce,30.0,1.14,34.2
100392,2024-01-31,Coimbra-03,Centro,Orange Juice 1L,Beverages,27.0,1.32,35.64
100393,2024-04-14,Sintra-06,Lisboa,Ice Cream 1L,Frozen,10.0,3.48,34.8
100394,2024-06-12,Sintra-06,Lisboa,Sparkling Water 1.5L,Beverages,9.0,0.59,5.31
100395,2024-09-20,Braga-02,Norte,Tomatoes 1kg,Produce,16.0,1.62,25.92
100396,2024-05-16,Faro-08,Algarve,Croissant,Bakery,,0.76,7.6
100397,2024-05-28,Evora-07,Alentejo,Ice Cream 1L,Frozen,27.0,3.45,93.15
100398,2024-03-22,Sintra-06,Lisboa,Ice Cream 1L,Frozen,21.0,3.41,71.61
100399,2024-03-22,Faro-08,Algarve,Frozen Pizza,Frozen,30.0,3.06,91.8
100400,2024-06-06,Faro-08,Algarve,Whole Milk 1L,Dairy,6.0,0.97,5.82
100401,2024-09-15,Faro-08,Algarve,Croissant,Bakery,14.0,0.82,11.48
100402,2024-01-25,Porto-01,Norte,Bananas 1kg,Produce,32.0,1.24,39.68
100403,2024-11-30,Faro-08,Algarve,Bananas 1kg,PRODUCE,35.0,1.13,39.55
100404,2024-02-25,Evora-07,Alentejo,Sourdough Bread,Bakery,17.0,2.11,35.87
100405,2024-07-25,Sintra-06,Lisboa,Whole Milk 1L,Dairy,26.0,0.85,22.1
100406,2024-10-14,Aveiro-04,Centro,Tomatoes 1kg,Produce,36.0,1.58,56.88
100407,2024-07-16,Faro-08,Algarve,Frozen Pizza,Frozen,18.0,3.21,57.78
100408,2024-11-15,Braga-02,Norte,Sourdough Bread,Bakery,7.0,2.01,14.07
100409,2024-06-22,Sintra-06,Lisboa,Sourdough Bread,Bakery,13.0,2.07,26.91
100410,2024-07-24,Porto-01,Norte,Whole Milk 1L,Dairy,3.0,0.86,2.58
100411,2024-06-19,Faro-08,Algarve,Frozen Pizza,Frozen,30.0,2.91,87.3
100412,2024-09-20,Coimbra-03,Centro,Tomatoes 1kg,Produce,40.0,1.59,63.6
100413,2024-07-20,Lisboa-05,Lisboa,Ice Cream 1L,Frozen,22.0,3.58,78.76
100414,2024-09-17,Faro-08,Algarve,Paper Towels 4pk,Household,37.0,2.28,84.36
100415,2024-01-09,Sintra-06,Lisboa,Tomatoes 1kg,Produce,8.0,1.74,13.92
100416,2024-10-25,Lisboa-05,Lisboa,Paper Towels 4pk,Household,2.0,2.38,4.76
100417,2024-05-15,Aveiro-04,Centro,Paper Towels 4pk,Household,4.0,2.38,9.52
100418,2024-03-28,Evora-07,Alentejo,Sourdough Bread,Bakery,16.0,1.9,30.4
100419,2024-12-24,Braga-02,Norte,Croissant,Bakery,2.0,0.8,1.6
100420,2024-08-02,Coimbra-03,Centro,Sparkling Water 1.5L,Beverages,14.0,0.56,7.84
100421,2024-11-09,Faro-08,Algarve,Paper Towels 4pk,Household,4.0,2.42,9.68
100422,2024-09-22,Aveiro-04,Centro,Frozen Pizza,Frozen,21.0,3.29,69.09
100423,2024-09-01,Evora-07,Alentejo,Tomatoes 1kg,Produce,12.0,1.62,19.44
100424,2024-09-29,Sintra-06,Lisboa,Frozen Pizza,Frozen,23.0,3.14,72.22
100425,2024-12-14,Lisboa-05,Lisboa,Ice Cream 1L,Frozen,31.0,3.42,106.02
100426,2024-05-06,Lisboa-05,Lisboa,Frozen Pizza,Frozen,20.0,2.94,58.8
100427,2024-06-01,Lisboa-05,Lisboa,Paper Towels 4pk,Household,14.0,2.41,33.74
100428,2024-09-07,Sintra-06,Lisboa,Orange Juice 1L,Beverages,23.0,1.33,30.59
100429,2024-05-20,Lisboa-05,Lisboa,Greek Yogurt 500g,Dairy,37.0,1.57,58.09
100430,2024-07-13,Evora-07,Alentejo,Tomatoes 1kg,Produce,10.0,1.58,15.8
100431,2024-05-27,Braga-02,Norte,Tomatoes 1kg,Produce,29.0,1.67,48.43
100432,2024-09-02,Aveiro-04,Centro,Croissant,Bakery,35.0,0.78,27.3
100433,2024-10-14,Lisboa-05,Lisboa,Sourdough Bread,Bakery,7.0,2.07,14.49
100434,2024-10-27,Aveiro-04,Centro,Croissant,Bakery,4.0,0.83,3.32
100435,2024-09-28,Aveiro-04,Centro,Dish Soap,Household,15.0,1.71,25.65
100436,2024-07-30,Sintra-06,Lisboa,Paper Towels 4pk,Household,31.0,2.21,68.51
100437,2024-03-11,Porto-01,Norte,Frozen Pizza,Frozen,11.0,3.02,33.22
100438,2024-08-31,Faro-08,Algarve,Dish Soap,Household,13.0,1.9,24.7
100439,2024-05-27,Sintra-06,Lisboa,Bananas 1kg,Produce,4.0,1.29,5.16
100440,2024-02-15,Aveiro-04,Centro,Frozen Pizza,Frozen,3.0,3.25,9.75
100441,2024-03-30,Evora-07,Alentejo,Sourdough Bread,Bakery,3.0,2.19,6.57
100442,2024-07-22,Faro-08,Algarve,Sourdough Bread,BAKERY,19.0,2.15,40.85
100443,2024-01-05,Lisboa-05,Lisboa,Ice Cream 1L,Frozen,39.0,3.37,131.43
100444,2024-06-20,Lisboa-05,Lisboa,Orange Juice 1L,BEVERAGES,35.0,1.33,46.55
100445,2024-03-09,Faro-08,Algarve,Bananas 1kg,Produce,13.0,1.27,16.51
100446,2024-06-18,Coimbra-03,Centro,Paper Towels 4pk,Household,30.0,2.4,72.0
100447,2024-04-05,Porto-01,Norte,Paper Towels 4pk,Household,22.0,2.45,53.9
100448,2024-10-17,Aveiro-04,Centro,Sourdough Bread,Bakery,40.0,2.15,86.0
100449,2024-07-26,Evora-07,Alentejo,Frozen Pizza,Frozen,21.0,2.88,60.48
100450,2024-12-08,Braga-02,Norte,Sourdough Bread,Bakery,9.0,2.03,18.27
100451,2024-05-07,Porto-01,Norte,Bananas 1kg,Produce,25.0,1.17,29.25
100452,2024-05-16,Sintra-06,Lisboa,Bananas 1kg,Produce,38.0,1.26,47.88
100453,2024-01-06,Lisboa-05,Lisboa,Dish Soap,Household,24.0,1.89,45.36
100454,2024-02-01,Braga-02,Norte,Orange Juice 1L,Beverages,20.0,1.26,25.2
100455,2024-12-17,Lisboa-05,Lisboa,Paper Towels 4pk,Household,8.0,2.39,19.12
100456,2024-05-31,Sintra-06,Lisboa,Ice Cream 1L,Frozen,15.0,3.43,51.45
100457,2024-03-09,Faro-08,Algarve,Sourdough Bread,Bakery,30.0,2.11,63.3
100458,2024-11-06,Sintra-06,Lisboa,Sparkling Water 1.5L,Beverages,36.0,0.6,21.6
100459,2024-10-02,Aveiro-04,Centro,Croissant,Bakery,39.0,0.85,33.15
100460,2024-02-11,Faro-08,Algarve,Frozen Pizza,Frozen,24.0,2.88,69.12
100461,2024-10-15,Braga-02,Norte,Whole Milk 1L,Dairy,36.0,0.97,34.92
100462,2024-04-13,Coimbra-03,Centro,Sourdough Bread,Bakery,21.0,2.15,45.15
100463,2024-08-14,Braga-02,Norte,Dish Soap,Household,14.0,1.89,26.46
100464,2024-09-07,Braga-02,Norte,Frozen Pizza,FROZEN,29.0,3.2,92.8
100465,2024-08-20,Coimbra-03,Centro,Frozen Pizza,Frozen,27.0,3.05,82.35
100466,2024-01-30,Faro-08,Algarve,Dish Soap,Household,20.0,1.89,37.8
100467,2024-07-21,Lisboa-05,Lisboa,Whole Milk 1L,Dairy,14.0,0.92,12.88
100468,2024-01-24,Evora-07,Alentejo,Tomatoes 1kg,Produce,5.0,1.64,8.2
100469,2024-01-31,Braga-02,Norte,Orange Juice 1L,Beverages,3.0,1.28,3.84
100470,2024-04-02,Coimbra-03,Centro,Dish Soap,Household,27.0,1.8,48.6
100471,2024-07-14,Faro-08,Algarve,Sparkling Water 1.5L,Beverages,25.0,0.53,13.25
100472,2024-12-04,Coimbra-03,Centro,Dish Soap,Household,23.0,1.73,39.79
100473,2024-10-02,Evora-07,Alentejo,Frozen Pizza,FROZEN,9.0,3.17,28.53
100474,2024-04-24,Porto-01,Norte,Whole Milk 1L,Dairy,20.0,0.91,18.2
100475,2024-10-05,Evora-07,Alentejo,Frozen Pizza,Frozen,25.0,3.21,80.25
100476,2024-05-06,Faro-08,Algarve,Tomatoes 1kg,Produce,10.0,1.58,15.8
100477,2024-02-27,Porto-01,Norte,Dish Soap,Household,27.0,1.87,50.49
100478,2024-01-09,Aveiro-04,Centro,Croissant,Bakery,5.0,0.76,3.8
100479,2024-01-18,Faro-08,Algarve,Ice Cream 1L,Frozen,4.0,3.44,13.76
100480,2024-01-23,Evora-07,Alentejo,Orange Juice 1L,Beverages,15.0,1.33,19.95
100481,2024-01-29,Coimbra-03,Centro,Frozen Pizza,Frozen,19.0,2.95,56.05
100482,2024-10-21,Sintra-06,Lisboa,Ice Cream 1L,Frozen,39.0,3.72,145.08
100483,2024-06-13,Aveiro-04,Centro,Bananas 1kg,Produce,10.0,1.31,13.1
100484,2024-09-23,Aveiro-04,Centro,Sparkling Water 1.5L,Beverages,20.0,0.55,11.0
100485,2024-10-12,Coimbra-03,Centro,Dish Soap,Household,28.0,1.85,51.8
100486,2024-01-25,Sintra-06,Lisboa,Dish Soap,Household,25.0,1.91,47.75
100487,2024-06-12,Evora-07,Alentejo,Sparkling Water 1.5L,Beverages,10.0,0.55,5.5
100488,2024-04-04,Faro-08,Algarve,Croissant,Bakery,15.0,0.79,11.85
100489,2024-12-28,Coimbra-03,Centro,Orange Juice 1L,Beverages,4.0,1.33,5.32
100490,2024-08-01,Coimbra-03,Centro,Sparkling Water 1.5L,Beverages,16.0,0.54,8.64
100491,2024-06-18,Braga-02,Norte,Orange Juice 1L,Beverages,24.0,1.24,29.76
100492,2024-04-07,Porto-01,Norte,Bananas 1kg,Produce,25.0,1.25,31.25
100493,2024-11-04,Porto-01,Norte,Greek Yogurt 500g,Dairy,13.0,1.6,20.8
100494,2024-10-27,Aveiro-04,Centro,Orange Juice 1L,Beverages,14.0,1.39,19.46
100495,2024-06-19,Lisboa-05,Lisboa,Whole Milk 1L,Dairy,14.0,0.97,13.58
100496,2024-03-01,Faro-08,Algarve,Croissant,Bakery,39.0,0.83,32.37
100497,2024-07-22,Aveiro-04,Centro,Frozen Pizza,Frozen,21.0,3.19,66.99
100498,2024-07-13,Faro-08,Algarve,Frozen Pizza,Frozen,23.0,2.98,68.54
100499,2024-07-03,Faro-08,Algarve,Orange Juice 1L,Beverages,7.0,1.38,9.66
100500,2024-08-28,Sintra-06,Lisboa,Croissant,Bakery,24.0,0.79,18.96
100501,2024-01-24,Aveiro-04,Centro,Paper Towels 4pk,Household,10.0,2.18,21.8
100502,2024-10-10,Evora-07,Alentejo,Bananas 1kg,Produce,10.0,1.17,11.7
100503,2024-04-27,Evora-07,Alentejo,Ice Cream 1L,Frozen,16.0,3.58,57.28
100504,2024-12-01,Sintra-06,Lisboa,Bananas 1kg,Produce,32.0,1.3,41.6
100505,2024-11-24,Faro-08,Algarve,Orange Juice 1L,Beverages,11.0,1.37,15.07
100506,2024-06-29,Coimbra-03,Centro,Sourdough Bread,Bakery,35.0,2.04,71.4
100507,2024-10-04,Porto-01,Norte,Frozen Pizza,Frozen,,3.22,9.66
100508,2024-02-08,Porto-01,Norte,Whole Milk 1L,Dairy,27.0,0.86,23.22
100509,2024-11-18,Aveiro-04,Centro,Greek Yogurt 500g,Dairy,10.0,1.42,14.2
100510,2024-09-15,Faro-08,Algarve,Tomatoes 1kg,PRODUCE,4.0,1.66,6.64
100511,2024-12-07,Faro-08,Algarve,Dish Soap,Household,32.0,1.7,54.4
100512,2024-09-29,Evora-07,Alentejo,Whole Milk 1L,Dairy,2.0,0.92,1.84
100513,2024-05-20,Lisboa-05,Lisboa,Whole Milk 1L,Dairy,33.0,0.95,31.35
100514,2024-12-11,Evora-07,Alentejo,Sourdough Bread,Bakery,7.0,2.16,15.12
100515,2024-09-25,Coimbra-03,Centro,Croissant,Bakery,13.0,0.82,10.66
100516,2024-05-09,Sintra-06,Lisboa,Bananas 1kg,Produce,26.0,1.14,29.64
100517,2024-07-26,Faro-08,Algarve,Ice Cream 1L,Frozen,16.0,3.83,61.28
100518,2024-04-25,Lisboa-05,Lisboa,Dish Soap,Household,,1.88,11.28
100519,2024-11-28,Porto-01,Norte,Greek Yogurt 500g,Dairy,26.0,1.5,39.0
100520,2024-10-09,Faro-08,Algarve,Whole Milk 1L,Dairy,1.0,0.94,0.94
100521,2024-02-12,Faro-08,Algarve,Sparkling Water 1.5L,Beverages,22.0,0.57,12.54
100522,2024-02-18,Porto-01,Norte,Croissant,Bakery,14.0,0.86,12.04
100523,2024-12-20,Faro-08,Algarve,Bananas 1kg,Produce,3.0,1.3,3.9
100524,2024-12-16,Lisboa-05,Lisboa,Frozen Pizza,FROZEN,37.0,3.14,116.18
100525,2024-04-01,Sintra-06,Lisboa,Whole Milk 1L,Dairy,14.0,0.92,12.88
100526,2024-12-30,Evora-07,Alentejo,Greek Yogurt 500g,DAIRY,20.0,1.45,29.0
100527,2024-05-03,Evora-07,Alentejo,Dish Soap,Household,35.0,1.79,62.65
100528,2024-03-12,Braga-02,Norte,Frozen Pizza,Frozen,23.0,2.86,65.78
100529,2024-08-11,Aveiro-04,Centro,Greek Yogurt 500g,Dairy,22.0,1.55,34.1
100530,2024-11-10,Evora-07,Alentejo,Tomatoes 1kg,Produce,2.0,1.66,3.32
100531,2024-08-18,Faro-08,Algarve,Croissant,Bakery,23.0,0.82,18.86
100532,2024-07-11,Evora-07,Alentejo,Sourdough Bread,Bakery,38.0,2.09,79.42
100533,2024-02-13,Lisboa-05,Lisboa,Croissant,Bakery,5.0,0.76,3.8
100534,2024-03-19,Evora-07,Alentejo,Paper Towels 4pk,Household,10.0,2.43,24.3
100535,2024-06-11,Sintra-06,Lisboa,Greek Yogurt 500g,Dairy,6.0,1.42,8.52
100536,2024-06-06,Faro-08,Algarve,Tomatoes 1kg,Produce,18.0,1.53,27.54
100537,2024-02-14,Coimbra-03,Centro,Sparkling Water 1.5L,Beverages,29.0,0.57,16.53
100538,2024-09-19,Evora-07,Alentejo,Greek Yogurt 500g,Dairy,2.0,1.44,2.88
100539,2024-10-10,Braga-02,Norte,Ice Cream 1L,Frozen,39.0,3.73,145.47
100540,2024-07-16,Porto-01,Norte,Bananas 1kg,Produce,27.0,1.2,32.4
100541,2024-02-13,Aveiro-04,Centro,Ice Cream 1L,Frozen,34.0,3.4,115.6
100542,2024-07-13,Coimbra-03,Centro,Sourdough Bread,Bakery,18.0,1.98,35.64
100543,2024-09-09,Coimbra-03,Centro,Greek Yogurt 500g,Dairy,11.0,1.51,16.61
100544,2024-08-03,Lisboa-05,Lisboa,Orange Juice 1L,Beverages,5.0,1.3,6.5
100545,2024-05-06,Faro-08,Algarve,Ice Cream 1L,Frozen,40.0,3.42,136.8
100546,2024-02-24,Coimbra-03,Centro,Bananas 1kg,Produce,1.0,1.3,1.3
100547,2024-06-19,Evora-07,Alentejo,Tomatoes 1kg,Produce,29.0,1.59,46.11
100548,2024-11-29,Coimbra-03,Centro,Bananas 1kg,Produce,21.0,1.24,26.04
100549,2024-12-21,Aveiro-04,Centro,Orange Juice 1L,Beverages,21.0,1.26,26.46
100550,2024-07-22,Sintra-06,Lisboa,Bananas 1kg,Produce,32.0,1.3,41.6
100551,2024-05-04,Sintra-06,Lisboa,Sparkling Water 1.5L,Beverages,18.0,0.59,10.62
100552,2024-07-20,Sintra-06,Lisboa,Greek Yogurt 500g,Dairy,37.0,1.46,54.02
100553,2024-10-06,Coimbra-03,Centro,Dish Soap,Household,36.0,1.71,61.56
100554,2024-08-24,Aveiro-04,Centro,Orange Juice 1L,Beverages,19.0,1.39,26.41
100555,2024-02-05,Evora-07,Alentejo,Dish Soap,Household,32.0,1.74,55.68
100556,2024-06-04,Aveiro-04,Centro,Bananas 1kg,Produce,10.0,1.26,12.6
100557,2024-07-12,Braga-02,Norte,Orange Juice 1L,Beverages,39.0,1.32,51.48
100558,2024-07-24,Evora-07,Alentejo,Frozen Pizza,Frozen,3.0,3.2,9.6
100559,2024-07-03,Braga-02,Norte,Greek Yogurt 500g,Dairy,16.0,1.56,24.96
100560,2024-06-30,Coimbra-03,Centro,Dish Soap,HOUSEHOLD,40.0,1.71,68.4
100561,2024-11-26,Evora-07,Alentejo,Tomatoes 1kg,Produce,28.0,1.54,43.12
100562,2024-02-20,Lisboa-05,Lisboa,Croissant,Bakery,33.0,0.84,27.72
100563,2024-10-12,Aveiro-04,Centro,Orange Juice 1L,Beverages,24.0,1.3,31.2
100564,2024-12-13,Coimbra-03,Centro,Tomatoes 1kg,Produce,2.0,1.63,3.26
100565,2024-05-31,Evora-07,Alentejo,Greek Yogurt 500g,Dairy,8.0,1.6,12.8
100566,2024-03-13,Sintra-06,Lisboa,Bananas 1kg,Produce,22.0,1.21,26.62
100567,2024-04-15,Faro-08,Algarve,Tomatoes 1kg,Produce,31.0,1.53,47.43
100568,2024-12-22,Faro-08,Algarve,Tomatoes 1kg,Produce,5.0,1.58,7.9
100569,2024-12-29,Braga-02,Norte,Whole Milk 1L,Dairy,22.0,0.93,20.46
100570,2024-12-12,Coimbra-03,Centro,Paper Towels 4pk,Household,16.0,2.35,37.6
100571,2024-10-09,Coimbra-03,Centro,Tomatoes 1kg,Produce,36.0,1.61,57.96
100572,2024-08-24,Aveiro-04,Centro,Sparkling Water 1.5L,Beverages,12.0,0.54,6.48
100573,2024-12-02,Evora-07,Alentejo,Sparkling Water 1.5L,Beverages,2.0,0.58,1.16
100574,2024-04-11,Faro-08,Algarve,Ice Cream 1L,Frozen,28.0,3.52,98.56
100575,2024-12-26,Aveiro-04,Centro,Croissant,Bakery,18.0,0.84,15.12
100576,2024-02-02,Braga-02,Norte,Frozen Pizza,Frozen,12.0,3.0,36.0
100577,2024-04-10,Faro-08,Algarve,Greek Yogurt 500g,Dairy,17.0,1.57,26.69
100578,2024-09-07,Sintra-06,Lisboa,Ice Cream 1L,Frozen,25.0,3.64,91.0
100579,2024-10-27,Braga-02,Norte,Tomatoes 1kg,Produce,23.0,1.71,39.33
100580,2024-11-12,Coimbra-03,Centro,Dish Soap,Household,20.0,1.95,39.0
100581,2024-10-29,Braga-02,Norte,Dish Soap,Household,9.0,1.78,16.02
100582,2024-05-02,Lisboa-05,Lisboa,Greek Yogurt 500g,Dairy,12.0,1.5,18.0
100583,2024-03-13,Evora-07,Alentejo,Sparkling Water 1.5L,Beverages,39.0,0.53,20.67
100584,2024-07-15,Evora-07,Alentejo,Sourdough Bread,Bakery,32.0,2.08,66.56
100585,2024-12-21,Coimbra-03,Centro,Frozen Pizza,Frozen,11.0,3.06,33.66
100586,2024-03-12,Coimbra-03,Centro,Tomatoes 1kg,Produce,29.0,1.66,48.14
100587,2024-07-02,Porto-01,Norte,Orange Juice 1L,Beverages,9.0,1.26,11.34
100588,2024-07-15,Faro-08,Algarve,Sparkling Water 1.5L,Beverages,,0.56,17.92
100589,2024-08-15,Faro-08,Algarve,Sourdough Bread,Bakery,6.0,2.06,12.36
100590,2024-04-22,Lisboa-05,Lisboa,Whole Milk 1L,DAIRY,18.0,0.88,15.84
100591,2024-05-27,Coimbra-03,Centro,Orange Juice 1L,Beverages,37.0,1.37,50.69
100592,2024-09-10,Braga-02,Norte,Ice Cream 1L,Frozen,8.0,3.46,27.68
100593,2024-10-05,Sintra-06,Lisboa,Frozen Pizza,Frozen,3.0,3.18,9.54
100594,2024-08-13,Aveiro-04,Centro,Sparkling Water 1.5L,Beverages,7.0,0.58,4.06
100595,2024-11-30,Aveiro-04,Centro,Bananas 1kg,Produce,3.0,1.21,3.63
100596,2024-06-27,Braga-02,Norte,Orange Juice 1L,Beverages,8.0,1.38,11.04
100597,2024-05-01,Aveiro-04,Centro,Paper Towels 4pk,Household,38.0,2.41,91.58
100598,2024-12-29,Evora-07,Alentejo,Sourdough Bread,Bakery,40.0,1.93,77.2
100599,2024-04-15,Aveiro-04,Centro,Whole Milk 1L,Dairy,37.0,0.89,32.93
100600,2024-05-23,Coimbra-03,Centro,Tomatoes 1kg,Produce,19.0,1.58,30.02
100601,2024-05-16,Braga-02,Norte,Sourdough Bread,Bakery,27.0,2.16,58.32
100602,2024-05-21,Coimbra-03,Centro,Paper Towels 4pk,Household,9.0,2.26,20.34
100603,2024-12-30,Sintra-06,Lisboa,Croissant,Bakery,26.0,0.81,21.06
100604,2024-10-22,Lisboa-05,Lisboa,Dish Soap,Household,27.0,1.8,48.6
100605,2024-02-08,Braga-02,Norte,Sparkling Water 1.5L,Beverages,33.0,0.58,19.14
100606,2024-12-21,Sintra-06,Lisboa,Orange Juice 1L,Beverages,32.0,1.29,41.28
100607,2024-01-02,Braga-02,Norte,Paper Towels 4pk,Household,30.0,2.39,71.7
100608,2024-12-23,Sintra-06,Lisboa,Greek Yogurt 500g,Dairy,35.0,1.5,52.5
100609,2024-08-07,Aveiro-04,Centro,Orange Juice 1L,Beverages,18.0,1.29,23.22
100610,2024-05-25,Sintra-06,Lisboa,Frozen Pizza,Frozen,37.0,2.9,107.3
100611,2024-09-05,Sintra-06,Lisboa,Dish Soap,Household,,1.71,6.84
100612,2024-11-16,Faro-08,Algarve,Whole Milk 1L,Dairy,8.0,0.97,7.76
100613,2024-03-21,Faro-08,Algarve,Orange Juice 1L,BEVERAGES,1.0,1.42,1.42
100614,2024-08-07,Aveiro-04,Centro,Paper Towels 4pk,Household,9.0,2.48,22.32
100615,2024-06-03,Coimbra-03,Centro,Bananas 1kg,Produce,6.0,1.25,7.5
100616,2024-05-08,Braga-02,Norte,Tomatoes 1kg,Produce,11.0,1.52,16.72
100617,2024-11-16,Lisboa-05,Lisboa,Paper Towels 4pk,Household,15.0,2.32,34.8
100618,2024-02-16,Braga-02,Norte,Whole Milk 1L,Dairy,14.0,0.91,12.74
100619,2024-03-08,Aveiro-04,Centro,Frozen Pizza,Frozen,29.0,2.84,82.36
100620,2024-12-22,Sintra-06,Lisboa,Greek Yogurt 500g,Dairy,28.0,1.57,43.96
100621,2024-09-01,Braga-02,Norte,Croissant,Bakery,25.0,0.76,19.0
100622,2024-02-22,Braga-02,Norte,Tomatoes 1kg,Produce,24.0,1.72,41.28
100623,2024-03-11,Evora-07,Alentejo,Sourdough Bread,BAKERY,10.0,1.91,19.1
100624,2024-10-15,Porto-01,Norte,Ice Cream 1L,Frozen,11.0,3.55,39.05
100625,2024-04-19,Coimbra-03,Centro,Sparkling Water 1.5L,Beverages,40.0,0.58,23.2
100626,2024-04-21,Braga-02,Norte,Greek Yogurt 500g,Dairy,9.0,1.58,14.22
100627,2024-10-28,Evora-07,Alentejo,Tomatoes 1kg,Produce,28.0,1.59,44.52
100628,2024-03-12,Aveiro-04,Centro,Bananas 1kg,Produce,6.0,1.17,7.02
100629,2024-11-03,Lisboa-05,Lisboa,Paper Towels 4pk,Household,2.0,2.47,4.94
100630,2024-12-03,Lisboa-05,Lisboa,Croissant,Bakery,34.0,0.82,27.88
100631,2024-04-06,Evora-07,Alentejo,Bananas 1kg,Produce,4.0,1.27,5.08
100632,2024-05-02,Faro-08,Algarve,Sparkling Water 1.5L,Beverages,8.0,0.54,4.32
100633,2024-11-22,Braga-02,Norte,Frozen Pizza,Frozen,1.0,3.28,3.28
100634,2024-06-11,Coimbra-03,Centro,Sparkling Water 1.5L,Beverages,37.0,0.56,20.72
100635,2024-10-06,Coimbra-03,Centro,Orange Juice 1L,Beverages,5.0,1.23,6.15
100636,2024-02-04,Porto-01,Norte,Bananas 1kg,Produce,14.0,1.14,15.96
100637,2024-01-31,Evora-07,Alentejo,Frozen Pizza,Frozen,19.0,3.12,59.28
100638,2024-09-13,Evora-07,Alentejo,Sparkling Water 1.5L,Beverages,26.0,0.53,13.78
100639,2024-10-01,Coimbra-03,Centro,Bananas 1kg,PRODUCE,6.0,1.19,7.14
100640,2024-09-18,Aveiro-04,Centro,Sourdough Bread,Bakery,35.0,1.99,69.65
100641,2024-10-27,Braga-02,Norte,Bananas 1kg,Produce,28.0,1.26,35.28
100642,2024-05-02,Porto-01,Norte,Croissant,Bakery,6.0,0.86,5.16
100643,2024-02-29,Faro-08,Algarve,Ice Cream 1L,Frozen,39.0,3.34,130.26
100644,2024-12-07,Coimbra-03,Centro,Greek Yogurt 500g,Dairy,1.0,1.57,1.57
100645,2024-12-25,Porto-01,Norte,Sourdough Bread,Bakery,32.0,2.17,69.44
100646,2024-09-24,Lisboa-05,Lisboa,Sourdough Bread,Bakery,24.0,1.93,46.32
100647,2024-05-17,Braga-02,Norte,Whole Milk 1L,Dairy,22.0,0.95,20.9
100648,2024-05-19,Braga-02,Norte,Bananas 1kg,Produce,37.0,1.24,45.88
100649,2024-09-11,Faro-08,Algarve,Frozen Pizza,Frozen,24.0,2.87,68.88
100650,2024-10-17,Coimbra-03,Centro,Tomatoes 1kg,Produce,11.0,1.57,17.27
100651,2024-02-22,Braga-02,Norte,Croissant,Bakery,33.0,0.75,24.75
100652,2024-01-07,Aveiro-04,Centro,Whole Milk 1L,Dairy,31.0,0.89,27.59
100653,2024-03-17,Coimbra-03,Centro,Whole Milk 1L,Dairy,36.0,0.95,34.2
100654,2024-12-01,Evora-07,Alentejo,Croissant,Bakery,21.0,0.78,16.38
100655,2024-06-12,Lisboa-05,Lisboa,Greek Yogurt 500g,Dairy,37.0,1.5,55.5
100656,2024-09-14,Porto-01,Norte,Sourdough Bread,Bakery,15.0,2.13,31.95
100657,2024-01-24,Evora-07,Alentejo,Greek Yogurt 500g,Dairy,30.0,1.61,48.3
100658,2024-06-08,Sintra-06,Lisboa,Greek Yogurt 500g,Dairy,36.0,1.52,54.72
100659,2024-07-07,Aveiro-04,Centro,Bananas 1kg,Produce,37.0,1.27,46.99
100660,2024-11-14,Aveiro-04,Centro,Orange Juice 1L,Beverages,24.0,1.34,32.16
100661,2024-09-09,Aveiro-04,Centro,Paper Towels 4pk,Household,35.0,2.44,85.4
100662,2024-05-05,Coimbra-03,Centro,Whole Milk 1L,Dairy,27.0,0.85,22.95
100663,2024-10-04,Sintra-06,Lisboa,Dish Soap,Household,1.0,1.96,1.96
100664,2024-01-01,Evora-07,Alentejo,Paper Towels 4pk,Household,20.0,2.21,44.2
100665,2024-09-28,Aveiro-04,Centro,Sparkling Water 1.5L,Beverages,32.0,0.6,19.2
100666,2024-03-13,Lisboa-05,Lisboa,Greek Yogurt 500g,Dairy,3.0,1.62,4.86
100667,2024-09-23,Evora-07,Alentejo,Paper Towels 4pk,Household,24.0,2.33,55.92
100668,2024-02-13,Braga-02,Norte,Frozen Pizza,Frozen,9.0,3.13,28.17
100669,2024-07-20,Braga-02,Norte,Ice Cream 1L,Frozen,37.0,3.35,123.95
100670,2024-12-05,Coimbra-03,Centro,Croissant,Bakery,19.0,0.78,14.82
100671,2024-06-10,Evora-07,Alentejo,Paper Towels 4pk,Household,21.0,2.28,47.88
100672,2024-05-19,Aveiro-04,Centro,Greek Yogurt 500g,Dairy,13.0,1.45,18.85
100673,2024-10-26,Braga-02,Norte,Sourdough Bread,Bakery,7.0,1.94,13.58
100674,2024-08-26,Sintra-06,Lisboa,Sparkling Water 1.5L,Beverages,8.0,0.57,4.56
100675,2024-04-16,Faro-08,Algarve,Bananas 1kg,Produce,30.0,1.18,35.4
100676,2024-03-02,Braga-02,Norte,Sourdough Bread,Bakery,20.0,2.14,42.8
100677,2024-12-22,Porto-01,Norte,Croissant,Bakery,21.0,0.77,16.17
100678,2024-12-30,Aveiro-04,Centro,Tomatoes 1kg,Produce,26.0,1.63,42.38
100679,2024-12-12,Lisboa-05,Lisboa,Bananas 1kg,Produce,12.0,1.14,13.68
100680,2024-07-26,Faro-08,Algarve,Frozen Pizza,Frozen,36.0,2.95,106.2
100681,2024-08-24,Braga-02,Norte,Sourdough Bread,Bakery,8.0,1.89,15.12
100682,2024-04-23,Coimbra-03,Centro,Croissant,Bakery,26.0,0.79,20.54
100683,2024-11-18,Braga-02,Norte,Ice Cream 1L,Frozen,38.0,3.45,131.1
100684,2024-02-08,Porto-01,Norte,Greek Yogurt 500g,Dairy,13.0,1.62,21.06
100685,2024-08-15,Coimbra-03,Centro,Greek Yogurt 500g,Dairy,22.0,1.44,31.68
100686,2024-08-24,Porto-01,Norte,Sourdough Bread,Bakery,37.0,2.02,74.74
100687,2024-07-21,Faro-08,Algarve,Whole Milk 1L,DAIRY,25.0,0.94,23.5
100688,2024-03-29,Sintra-06,Lisboa,Croissant,Bakery,12.0,0.78,9.36
100689,2024-08-16,Coimbra-03,Centro,Whole Milk 1L,Dairy,40.0,0.93,37.2
100690,2024-05-05,Lisboa-05,Lisboa,Orange Juice 1L,Beverages,27.0,1.4,37.8
100691,2024-09-02,Porto-01,Norte,Greek Yogurt 500g,Dairy,18.0,1.5,27.0
100692,2024-08-02,Aveiro-04,Centro,Dish Soap,Household,34.0,1.77,60.18
100693,2024-10-05,Porto-01,Norte,Sparkling Water 1.5L,Beverages,23.0,0.56,12.88
100694,2024-09-05,Sintra-06,Lisboa,Ice Cream 1L,Frozen,33.0,3.48,114.84
100695,2024-05-18,Coimbra-03,Centro,Whole Milk 1L,Dairy,21.0,0.93,19.53
100696,2024-01-16,Lisboa-05,Lisboa,Whole Milk 1L,Dairy,31.0,0.92,28.52
100697,2024-10-26,Aveiro-04,Centro,Sourdough Bread,Bakery,7.0,1.96,13.72
100698,2024-05-03,Lisboa-05,Lisboa,Frozen Pizza,Frozen,4.0,3.18,12.72
100699,2024-04-22,Evora-07,Alentejo,Tomatoes 1kg,Produce,12.0,1.55,18.6
100700,2024-10-30,Sintra-06,Lisboa,Paper Towels 4pk,Household,23.0,2.49,57.27
100701,2024-01-15,Sintra-06,Lisboa,Ice Cream 1L,Frozen,37.0,3.39,125.43
100702,2024-04-06,Faro-08,Algarve,Frozen Pizza,Frozen,20.0,2.92,58.4
100703,2024-01-20,Braga-02,Norte,Whole Milk 1L,Dairy,15.0,0.93,13.95
100704,2024-01-11,Faro-08,Algarve,Whole Milk 1L,Dairy,22.0,0.97,21.34
100705,2024-04-13,Coimbra-03,Centro,Tomatoes 1kg,Produce,12.0,1.73,20.76
100706,2024-06-14,Porto-01,Norte,Whole Milk 1L,Dairy,10.0,0.92,9.2
100707,2024-03-13,Braga-02,Norte,Frozen Pizza,Frozen,24.0,3.27,78.48
100708,2024-07-10,Evora-07,Alentejo,Ice Cream 1L,Frozen,7.0,3.49,24.43
100709,2024-06-14,Coimbra-03,Centro,Sourdough Bread,Bakery,28.0,2.13,59.64
100710,2024-09-06,Sintra-06,Lisboa,Sourdough Bread,Bakery,36.0,2.1,75.6
100711,2024-11-10,Sintra-06,Lisboa,Croissant,Bakery,38.0,0.85,32.3
100712,2024-07-12,Lisboa-05,Lisboa,Paper Towels 4pk,HOUSEHOLD,19.0,2.22,42.18
100713,2024-01-01,Evora-07,Alentejo,Ice Cream 1L,Frozen,3.0,3.41,10.23
100714,2024-06-11,Aveiro-04,Centro,Dish Soap,Household,37.0,1.73,64.01
100715,2024-09-11,Coimbra-03,Centro,Tomatoes 1kg,PRODUCE,5.0,1.57,7.85
100716,2024-06-12,Coimbra-03,Centro,Dish Soap,Household,6.0,1.92,11.52
100717,2024-12-09,Sintra-06,Lisboa,Orange Juice 1L,Beverages,1.0,1.28,1.28
100718,2024-05-07,Braga-02,Norte,Tomatoes 1kg,Produce,17.0,1.7,28.9
100719,2024-01-01,Porto-01,Norte,Sparkling Water 1.5L,Beverages,29.0,0.58,16.82
100720,2024-03-26,Evora-07,Alentejo,Orange Juice 1L,Beverages,25.0,1.29,32.25
100721,2024-07-11,Braga-02,Norte,Orange Juice 1L,Beverages,37.0,1.35,49.95
100722,2024-12-17,Aveiro-04,Centro,Sourdough Bread,Bakery,29.0,1.91,55.39
100723,2024-01-18,Lisboa-05,Lisboa,Whole Milk 1L,Dairy,21.0,0.88,18.48
100724,2024-02-23,Braga-02,Norte,Tomatoes 1kg,Produce,11.0,1.72,18.92
100725,2024-03-23,Braga-02,Norte,Frozen Pizza,Frozen,6.0,2.99,17.94
100726,2024-11-10,Faro-08,Algarve,Paper Towels 4pk,Household,2.0,2.32,4.64
100727,2024-11-30,Coimbra-03,Centro,Ice Cream 1L,Frozen,28.0,3.4,95.2
100728,2024-02-21,Sintra-06,Lisboa,Croissant,Bakery,13.0,0.8,10.4
100729,2024-10-10,Lisboa-05,Lisboa,Dish Soap,Household,19.0,1.78,33.82
100730,2024-02-19,Porto-01,Norte,Sparkling Water 1.5L,Beverages,37.0,0.57,21.09
100731,2024-09-08,Coimbra-03,Centro,Whole Milk 1L,Dairy,24.0,0.85,20.4
100732,2024-02-14,Lisboa-05,Lisboa,Dish Soap,Household,39.0,1.83,71.37
100733,2024-02-19,Porto-01,Norte,Croissant,Bakery,11.0,0.83,9.13
100734,2024-02-11,Faro-08,Algarve,Greek Yogurt 500g,Dairy,20.0,1.59,31.8
100735,2024-08-29,Faro-08,Algarve,Dish Soap,Household,17.0,1.72,29.24
100736,2024-10-05,Evora-07,Alentejo,Sourdough Bread,Bakery,24.0,2.15,51.6
100737,2024-07-08,Coimbra-03,Centro,Orange Juice 1L,Beverages,3.0,1.28,3.84
100738,2024-08-26,Lisboa-05,Lisboa,Croissant,Bakery,18.0,0.82,14.76
100739,2024-03-18,Braga-02,Norte,Greek Yogurt 500g,Dairy,23.0,1.6,36.8
100740,2024-07-30,Aveiro-04,Centro,Frozen Pizza,Frozen,4.0,3.22,12.88
100741,2024-09-24,Evora-07,Alentejo,Frozen Pizza,Frozen,31.0,3.1,96.1
100742,2024-04-30,Faro-08,Algarve,Bananas 1kg,Produce,6.0,1.2,7.2
100743,2024-01-18,Coimbra-03,Centro,Greek Yogurt 500g,Dairy,29.0,1.45,42.05
100744,2024-03-26,Aveiro-04,Centro,Croissant,Bakery,9.0,0.76,6.84
100745,2024-02-10,Evora-07,Alentejo,Croissant,Bakery,10.0,0.85,8.5
100746,2024-05-12,Sintra-06,Lisboa,Paper Towels 4pk,Household,5.0,2.21,11.05
100747,2024-10-11,Evora-07,Alentejo,Frozen Pizza,Frozen,21.0,3.22,67.62
100748,2024-09-23,Faro-08,Algarve,Whole Milk 1L,Dairy,40.0,0.92,36.8
100749,2024-08-02,Braga-02,Norte,Sparkling Water 1.5L,Beverages,10.0,0.53,5.3
100750,2024-10-28,Braga-02,Norte,Greek Yogurt 500g,Dairy,37.0,1.59,58.83
100751,2024-05-26,Sintra-06,Lisboa,Sparkling Water 1.5L,Beverages,17.0,0.55,9.35
100752,2024-09-05,Faro-08,Algarve,Whole Milk 1L,Dairy,12.0,0.88,10.56
100753,2024-03-14,Evora-07,Alentejo,Whole Milk 1L,Dairy,26.0,0.96,24.96
100754,2024-06-18,Aveiro-04,Centro,Whole Milk 1L,Dairy,31.0,0.97,30.07
100755,2024-07-09,Porto-01,Norte,Tomatoes 1kg,Produce,20.0,1.58,31.6
100756,2024-09-08,Braga-02,Norte,Croissant,Bakery,9.0,0.79,7.11
100757,2024-08-14,Sintra-06,Lisboa,Bananas 1kg,Produce,27.0,1.24,33.48
100758,2024-02-15,Aveiro-04,Centro,Orange Juice 1L,Beverages,14.0,1.4,19.6
100759,2024-07-27,Faro-08,Algarve,Frozen Pizza,Frozen,24.0,3.21,77.04
100760,2024-09-20,Coimbra-03,Centro,Greek Yogurt 500g,Dairy,20.0,1.57,31.4
100761,2024-07-25,Coimbra-03,Centro,Frozen Pizza,Frozen,37.0,2.85,105.45
100762,2024-04-08,Aveiro-04,Centro,Whole Milk 1L,Dairy,16.0,0.85,13.6
100763,2024-01-26,Sintra-06,Lisboa,Paper Towels 4pk,Household,13.0,2.27,29.51
100764,2024-08-25,Evora-07,Alentejo,Dish Soap,Household,8.0,1.88,15.04
100765,2024-05-03,Sintra-06,Lisboa,Orange Juice 1L,Beverages,39.0,1.31,51.09
100766,2024-08-30,Sintra-06,Lisboa,Tomatoes 1kg,Produce,11.0,1.71,18.81
100767,2024-05-12,Braga-02,Norte,Bananas 1kg,Produce,2.0,1.2,2.4
100768,2024-03-24,Aveiro-04,Centro,Croissant,Bakery,15.0,0.83,12.45
100769,2024-05-17,Evora-07,Alentejo,Frozen Pizza,Frozen,2.0,3.23,6.46
100770,2024-12-15,Porto-01,Norte,Orange Juice 1L,Beverages,9.0,1.35,12.15
100771,2024-11-03,Porto-01,Norte,Croissant,Bakery,17.0,0.82,13.94
100772,2024-06-05,Lisboa-05,Lisboa,Sparkling Water 1.5L,Beverages,25.0,0.59,14.75
100773,2024-08-23,Lisboa-05,Lisboa,Croissant,BAKERY,30.0,0.79,23.7
100774,2024-09-23,Evora-07,Alentejo,Ice Cream 1L,Frozen,7.0,3.32,23.24
100775,2024-12-05,Sintra-06,Lisboa,Frozen Pizza,Frozen,39.0,3.11,121.29
100776,2024-06-01,Braga-02,Norte,Orange Juice 1L,Beverages,5.0,1.29,6.45
100777,2024-05-21,Sintra-06,Lisboa,Bananas 1kg,Produce,17.0,1.25,21.25
100778,2024-11-29,Lisboa-05,Lisboa,Croissant,Bakery,10.0,0.81,8.1
100779,2024-05-03,Porto-01,Norte,Ice Cream 1L,Frozen,26.0,3.66,95.16
100780,2024-12-14,Coimbra-03,Centro,Paper Towels 4pk,HOUSEHOLD,2.0,2.4,4.8
100781,2024-05-31,Lisboa-05,Lisboa,Sparkling Water 1.5L,Beverages,26.0,0.55,14.3
100782,2024-01-19,Aveiro-04,Centro,Tomatoes 1kg,Produce,15.0,1.67,25.05
100783,2024-11-22,Faro-08,Algarve,Dish Soap,Household,23.0,1.84,42.32
100784,2024-03-28,Coimbra-03,Centro,Bananas 1kg,Produce,7.0,1.21,8.47
100785,2024-05-12,Coimbra-03,Centro,Dish Soap,Household,22.0,1.88,41.36
100786,2024-04-23,Sintra-06,Lisboa,Croissant,Bakery,20.0,0.8,16.0
100787,2024-06-18,Sintra-06,Lisboa,Bananas 1kg,Produce,38.0,1.18,44.84
100788,2024-03-01,Faro-08,Algarve,Whole Milk 1L,Dairy,38.0,0.92,34.96
100789,2024-11-13,Braga-02,Norte,Orange Juice 1L,Beverages,13.0,1.32,17.16
100790,2024-12-14,Evora-07,Alentejo,Frozen Pizza,Frozen,,3.03,60.6
100791,2024-03-18,Coimbra-03,Centro,Croissant,Bakery,22.0,0.8,17.6
100792,2024-10-18,Faro-08,Algarve,Sourdough Bread,Bakery,21.0,2.15,45.15
100793,2024-04-02,Braga-02,Norte,Orange Juice 1L,Beverages,22.0,1.35,29.7
100794,2024-03-31,Sintra-06,Lisboa,Dish Soap,Household,4.0,1.7,6.8
100795,2024-05-20,Aveiro-04,Centro,Sourdough Bread,Bakery,37.0,2.12,78.44
100796,2024-09-07,Braga-02,Norte,Sourdough Bread,Bakery,40.0,2.02,80.8
100797,2024-08-07,Evora-07,Alentejo,Sparkling Water 1.5L,Beverages,31.0,0.55,17.05
100798,2024-01-20,Aveiro-04,Centro,Paper Towels 4pk,Household,24.0,2.5,60.0
100799,2024-06-13,Aveiro-04,Centro,Whole Milk 1L,Dairy,1.0,0.93,0.93
100800,2024-05-07,Aveiro-04,Centro,Paper Towels 4pk,Household,23.0,2.28,52.44
100801,2024-02-22,Evora-07,Alentejo,Frozen Pizza,Frozen,38.0,2.98,113.24
100802,2024-02-03,Porto-01,Norte,Bananas 1kg,Produce,19.0,1.21,22.99
100803,2024-09-23,Sintra-06,Lisboa,Sparkling Water 1.5L,Beverages,9.0,0.55,4.95
100804,2024-09-07,Sintra-06,Lisboa,Croissant,Bakery,11.0,0.86,9.46
100805,2024-07-25,Porto-01,Norte,Croissant,Bakery,15.0,0.84,12.6
100806,2024-03-08,Aveiro-04,Centro,Paper Towels 4pk,Household,2.0,2.38,4.76
100807,2024-03-27,Braga-02,Norte,Tomatoes 1kg,Produce,3.0,1.6,4.8
100808,2024-11-23,Lisboa-05,Lisboa,Frozen Pizza,Frozen,40.0,2.86,114.4
100809,2024-01-25,Braga-02,Norte,Dish Soap,Household,2.0,1.71,3.42
100810,2024-02-29,Evora-07,Alentejo,Orange Juice 1L,Beverages,25.0,1.25,31.25
100811,2024-05-09,Faro-08,Algarve,Paper Towels 4pk,HOUSEHOLD,10.0,2.25,22.5
100812,2024-12-17,Porto-01,Norte,Bananas 1kg,Produce,27.0,1.25,33.75
100813,2024-12-05,Lisboa-05,Lisboa,Ice Cream 1L,Frozen,39.0,3.68,143.52
100814,2024-08-02,Braga-02,Norte,Frozen Pizza,Frozen,40.0,2.89,115.6
100815,2024-02-28,Braga-02,Norte,Orange Juice 1L,Beverages,13.0,1.34,17.42
100816,2024-05-14,Aveiro-04,Centro,Tomatoes 1kg,Produce,27.0,1.58,42.66
100817,2024-01-21,Faro-08,Algarve,Croissant,Bakery,31.0,0.79,24.49
100818,2024-01-02,Porto-01,Norte,Dish Soap,Household,6.0,1.94,11.64
100819,2024-10-20,Faro-08,Algarve,Sourdough Bread,Bakery,6.0,2.12,12.72
100820,2024-02-08,Braga-02,Norte,Bananas 1kg,Produce,15.0,1.21,18.15
100821,2024-05-31,Lisboa-05,Lisboa,Orange Juice 1L,Beverages,4.0,1.24,4.96
100822,2024-03-30,Porto-01,Norte,Bananas 1kg,Produce,24.0,1.27,30.48
100823,2024-06-09,Evora-07,Alentejo,Paper Towels 4pk,Household,8.0,2.21,17.68
100824,2024-01-24,Porto-01,Norte,Sourdough Bread,Bakery,11.0,1.99,21.89
100825,2024-08-12,Lisboa-05,Lisboa,Paper Towels 4pk,Household,6.0,2.3,13.8
100826,2024-06-24,Coimbra-03,Centro,Greek Yogurt 500g,Dairy,26.0,1.5,39.0
100827,2024-08-21,Lisboa-05,Lisboa,Sparkling Water 1.5L,Beverages,31.0,0.59,18.29
100828,2024-11-28,Coimbra-03,Centro,Greek Yogurt 500g,Dairy,9.0,1.57,14.13
100829,2024-01-31,Coimbra-03,Centro,Greek Yogurt 500g,Dairy,27.0,1.62,43.74
100830,2024-09-04,Faro-08,Algarve,Sourdough Bread,Bakery,40.0,2.0,80.0
100831,2024-07-02,Porto-01,Norte,Dish Soap,Household,9.0,1.83,16.47
100832,2024-09-06,Braga-02,Norte,Sparkling Water 1.5L,Beverages,29.0,0.53,15.37
100833,2024-05-13,Sintra-06,Lisboa,Whole Milk 1L,Dairy,34.0,0.95,32.3
100834,2024-10-22,Aveiro-04,Centro,Dish Soap,Household,22.0,1.84,40.48
100835,2024-12-18,Braga-02,Norte,Sparkling Water 1.5L,Beverages,16.0,0.56,8.96
100836,2024-12-05,Evora-07,Alentejo,Sourdough Bread,Bakery,36.0,2.16,77.76
100837,2024-11-09,Porto-01,Norte,Whole Milk 1L,Dairy,11.0,0.91,10.01
100838,2024-08-28,Faro-08,Algarve,Sourdough Bread,Bakery,5.0,2.11,10.55
100839,2024-06-13,Aveiro-04,Centro,Tomatoes 1kg,PRODUCE,18.0,1.52,27.36
100840,2024-04-24,Evora-07,Alentejo,Sparkling Water 1.5L,Beverages,16.0,0.53,8.48
100841,2024-08-15,Faro-08,Algarve,Greek Yogurt 500g,Dairy,32.0,1.52,48.64
100842,2024-03-01,Faro-08,Algarve,Paper Towels 4pk,Household,2.0,2.21,4.42
100843,2024-07-30,Porto-01,Norte,Frozen Pizza,Frozen,36.0,2.84,102.24
100844,2024-02-16,Lisboa-05,Lisboa,Frozen Pizza,Frozen,36.0,2.93,105.48
100845,2024-12-09,Faro-08,Algarve,Tomatoes 1kg,Produce,24.0,1.71,41.04
100846,2024-04-24,Faro-08,Algarve,Tomatoes 1kg,Produce,36.0,1.69,60.84
100847,2024-11-03,Faro-08,Algarve,Paper Towels 4pk,Household,24.0,2.42,58.08
100848,2024-02-28,Braga-02,Norte,Dish Soap,Household,15.0,1.7,25.5
100849,2024-06-30,Lisboa-05,Lisboa,Frozen Pizza,Frozen,34.0,3.01,102.34
100850,2024-02-24,Porto-01,Norte,Sourdough Bread,Bakery,32.0,1.93,61.76
100851,2024-07-28,Braga-02,Norte,Bananas 1kg,Produce,40.0,1.17,46.8
100852,2024-03-02,Evora-07,Alentejo,Croissant,Bakery,30.0,0.85,25.5
100853,2024-04-07,Sintra-06,Lisboa,Greek Yogurt 500g,Dairy,27.0,1.43,38.61
100854,2024-11-20,Braga-02,Norte,Orange Juice 1L,Beverages,,1.35,40.5
100855,2024-09-15,Coimbra-03,Centro,Orange Juice 1L,Beverages,1.0,1.33,1.33
100856,2024-01-25,Evora-07,Alentejo,Ice Cream 1L,Frozen,31.0,3.8,117.8
100857,2024-03-31,Coimbra-03,Centro,Paper Towels 4pk,Household,9.0,2.21,19.89
100858,2024-12-02,Sintra-06,Lisboa,Frozen Pizza,Frozen,25.0,3.03,75.75
100859,2024-11-07,Aveiro-04,Centro,Bananas 1kg,Produce,26.0,1.3,33.8
100860,2024-05-30,Faro-08,Algarve,Sourdough Bread,Bakery,9.0,2.01,18.09
100861,2024-12-24,Lisboa-05,Lisboa,Paper Towels 4pk,Household,36.0,2.47,88.92
100862,2024-12-30,Aveiro-04,Centro,Croissant,Bakery,14.0,0.82,11.48
100863,2024-05-28,Sintra-06,Lisboa,Dish Soap,Household,9.0,1.96,17.64
100864,2024-11-28,Coimbra-03,Centro,Frozen Pizza,Frozen,35.0,3.15,110.25
100865,2024-06-14,Braga-02,Norte,Tomatoes 1kg,Produce,36.0,1.63,58.68
100866,2024-10-19,Evora-07,Alentejo,Dish Soap,Household,35.0,1.78,62.3
100867,2024-08-04,Porto-01,Norte,Frozen Pizza,Frozen,7.0,2.85,19.95
100868,2024-03-15,Porto-01,Norte,Dish Soap,Household,4.0,1.75,7.0
100869,2024-03-23,Lisboa-05,Lisboa,Dish Soap,Household,17.0,1.74,29.58
100870,2024-02-01,Lisboa-05,Lisboa,Croissant,Bakery,35.0,0.75,26.25
100871,2024-08-19,Braga-02,Norte,Ice Cream 1L,FROZEN,36.0,3.77,135.72
100872,2024-11-27,Evora-07,Alentejo,Croissant,BAKERY,33.0,0.84,27.72
100873,2024-12-22,Lisboa-05,Lisboa,Paper Towels 4pk,Household,4.0,2.49,9.96
100874,2024-07-17,Evora-07,Alentejo,Dish Soap,Household,21.0,1.96,41.16
100875,2024-01-28,Porto-01,Norte,Paper Towels 4pk,Household,17.0,2.25,38.25
100876,2024-08-14,Aveiro-04,Centro,Dish Soap,Household,24.0,1.9,45.6
100877,2024-10-06,Aveiro-04,Centro,Paper Towels 4pk,Household,13.0,2.28,29.64
100878,2024-03-31,Braga-02,Norte,Sourdough Bread,Bakery,12.0,2.11,25.32
100879,2024-03-02,Evora-07,Alentejo,Whole Milk 1L,Dairy,28.0,0.88,24.64
100880,2024-05-15,Coimbra-03,Centro,Sourdough Bread,Bakery,38.0,2.14,81.32
100881,2024-01-03,Sintra-06,Lisboa,Orange Juice 1L,Beverages,10.0,1.23,12.3
100882,2024-06-14,Porto-01,Norte,Dish Soap,Household,40.0,1.93,77.2
100883,2024-06-03,Faro-08,Algarve,Ice Cream 1L,Frozen,36.0,3.5,126.0
100884,2024-12-28,Sintra-06,Lisboa,Frozen Pizza,Frozen,15.0,3.27,49.05
100885,2024-09-23,Braga-02,Norte,Frozen Pizza,Frozen,11.0,3.03,33.33
100886,2024-10-01,Evora-07,Alentejo,Greek Yogurt 500g,Dairy,23.0,1.46,33.58
100887,2024-04-19,Sintra-06,Lisboa,Tomatoes 1kg,Produce,24.0,1.58,37.92
100888,2024-11-12,Faro-08,Algarve,Frozen Pizza,Frozen,1.0,2.89,2.89
100889,2024-06-26,Faro-08,Algarve,Croissant,Bakery,40.0,0.86,34.4
100890,2024-05-04,Porto-01,Norte,Dish Soap,Household,21.0,1.8,37.8
100891,2024-02-28,Evora-07,Alentejo,Bananas 1kg,Produce,35.0,1.26,44.1
100892,2024-01-13,Sintra-06,Lisboa,Frozen Pizza,Frozen,33.0,3.04,100.32
100893,2024-01-23,Lisboa-05,Lisboa,Dish Soap,Household,13.0,1.79,23.27
100894,2024-02-12,Braga-02,Norte,Sourdough Bread,Bakery,35.0,2.05,71.75
100895,2024-11-16,Braga-02,Norte,Croissant,Bakery,14.0,0.85,11.9
100896,2024-08-05,Braga-02,Norte,Croissant,Bakery,35.0,0.85,29.75
100897,2024-08-10,Braga-02,Norte,Paper Towels 4pk,Household,10.0,2.18,21.8
100898,2024-06-18,Porto-01,Norte,Greek Yogurt 500g,Dairy,5.0,1.43,7.15
100899,2024-05-08,Braga-02,Norte,Ice Cream 1L,Frozen,15.0,3.79,56.85
100900,2024-07-27,Evora-07,Alentejo,Orange Juice 1L,Beverages,26.0,1.31,34.06
100901,2024-01-09,Evora-07,Alentejo,Dish Soap,Household,8.0,1.84,14.72
100902,2024-11-24,Braga-02,Norte,Paper Towels 4pk,Household,38.0,2.19,83.22
100903,2024-02-07,Sintra-06,Lisboa,Frozen Pizza,Frozen,7.0,2.97,20.79
100904,2024-12-17,Lisboa-05,Lisboa,Ice Cream 1L,Frozen,6.0,3.46,20.76
100905,2024-08-12,Evora-07,Alentejo,Sparkling Water 1.5L,Beverages,2.0,0.56,1.12
100906,2024-09-30,Aveiro-04,Centro,Sourdough Bread,Bakery,26.0,2.13,55.38
100907,2024-10-06,Lisboa-05,Lisboa,Dish Soap,HOUSEHOLD,10.0,1.78,17.8
100908,2024-11-27,Sintra-06,Lisboa,Whole Milk 1L,Dairy,36.0,0.96,34.56
100909,2024-03-13,Braga-02,Norte,Whole Milk 1L,Dairy,1.0,0.92,0.92
100910,2024-07-20,Braga-02,Norte,Bananas 1kg,Produce,14.0,1.26,17.64
100911,2024-06-25,Aveiro-04,Centro,Sparkling Water 1.5L,Beverages,33.0,0.53,17.49
100912,2024-04-04,Aveiro-04,Centro,Ice Cream 1L,Frozen,17.0,3.42,58.14
100913,2024-04-02,Porto-01,Norte,Frozen Pizza,Frozen,30.0,3.13,93.9
100914,2024-02-07,Lisboa-05,Lisboa,Dish Soap,Household,5.0,1.77,8.85
100915,2024-04-11,Faro-08,Algarve,Tomatoes 1kg,Produce,23.0,1.54,35.42
100916,2024-12-01,Aveiro-04,Centro,Greek Yogurt 500g,Dairy,19.0,1.55,29.45
100917,2024-04-09,Sintra-06,Lisboa,Orange Juice 1L,Beverages,29.0,1.29,37.41
100918,2024-12-03,Lisboa-05,Lisboa,Paper Towels 4pk,Household,38.0,2.23,84.74
100919,2024-10-17,Sintra-06,Lisboa,Tomatoes 1kg,Produce,28.0,1.55,43.4
100920,2024-06-09,Aveiro-04,Centro,Croissant,Bakery,28.0,0.78,21.84
100921,2024-07-03,Coimbra-03,Centro,Dish Soap,Household,22.0,1.94,42.68
100922,2024-08-24,Faro-08,Algarve,Tomatoes 1kg,Produce,20.0,1.63,32.6
100923,2024-02-25,Coimbra-03,Centro,Dish Soap,Household,39.0,1.72,67.08
100924,2024-05-23,Coimbra-03,Centro,Frozen Pizza,Frozen,13.0,2.96,38.48
100925,2024-11-16,Braga-02,Norte,Paper Towels 4pk,Household,5.0,2.48,12.4
100926,2024-09-16,Porto-01,Norte,Ice Cream 1L,Frozen,38.0,3.53,134.14
100927,2024-10-29,Aveiro-04,Centro,Whole Milk 1L,Dairy,36.0,0.88,31.68
100928,2024-10-03,Faro-08,Algarve,Dish Soap,Household,10.0,1.8,18.0
100929,2024-04-24,Lisboa-05,Lisboa,Sourdough Bread,Bakery,30.0,2.04,61.2
100930,2024-02-16,Evora-07,Alentejo,Tomatoes 1kg,Produce,33.0,1.51,49.83
100931,2024-05-02,Coimbra-03,Centro,Frozen Pizza,Frozen,9.0,3.04,27.36
100932,2024-04-01,Coimbra-03,Centro,Paper Towels 4pk,Household,31.0,2.5,77.5
100933,2024-01-21,Aveiro-04,Centro,Orange Juice 1L,Beverages,15.0,1.24,18.6
100934,2024-07-08,Aveiro-04,Centro,Whole Milk 1L,Dairy,14.0,0.91,12.74
100935,2024-07-03,Evora-07,Alentejo,Orange Juice 1L,Beverages,30.0,1.4,42.0
100936,2024-01-21,Sintra-06,Lisboa,Greek Yogurt 500g,Dairy,34.0,1.56,53.04
100937,2024-05-20,Lisboa-05,Lisboa,Ice Cream 1L,Frozen,35.0,3.61,126.35
100938,2024-07-11,Evora-07,Alentejo,Tomatoes 1kg,Produce,38.0,1.67,63.46
100939,2024-02-09,Lisboa-05,Lisboa,Sparkling Water 1.5L,Beverages,15.0,0.57,8.55
100940,2024-06-29,Sintra-06,Lisboa,Orange Juice 1L,Beverages,31.0,1.4,43.4
100941,2024-01-04,Coimbra-03,Centro,Orange Juice 1L,Beverages,11.0,1.27,13.97
100942,2024-09-20,Lisboa-05,Lisboa,Croissant,Bakery,10.0,0.77,7.7
100943,2024-07-04,Braga-02,Norte,Dish Soap,Household,15.0,1.81,27.15
100944,2024-06-18,Braga-02,Norte,Orange Juice 1L,Beverages,31.0,1.32,40.92
100945,2024-10-29,Coimbra-03,Centro,Dish Soap,Household,27.0,1.71,46.17
100946,2024-01-23,Coimbra-03,Centro,Ice Cream 1L,Frozen,38.0,3.4,129.2
100947,2024-11-18,Porto-01,Norte,Ice Cream 1L,Frozen,10.0,3.34,33.4
100948,2024-05-12,Coimbra-03,Centro,Frozen Pizza,Frozen,26.0,3.11,80.86
100949,2024-10-15,Porto-01,Norte,Paper Towels 4pk,Household,19.0,2.5,47.5
100950,2024-04-20,Faro-08,Algarve,Ice Cream 1L,Frozen,31.0,3.77,116.87
100951,2024-03-28,Aveiro-04,Centro,Sparkling Water 1.5L,Beverages,39.0,0.53,20.67
100952,2024-10-25,Coimbra-03,Centro,Ice Cream 1L,Frozen,33.0,3.45,113.85
100953,2024-12-17,Sintra-06,Lisboa,Orange Juice 1L,Beverages,39.0,1.34,52.26
100954,2024-04-27,Evora-07,Alentejo,Sparkling Water 1.5L,Beverages,9.0,0.53,4.77
100955,2024-04-13,Evora-07,Alentejo,Sourdough Bread,Bakery,39.0,1.92,74.88
100956,2024-08-31,Porto-01,Norte,Frozen Pizza,Frozen,33.0,3.18,104.94
100957,2024-02-17,Faro-08,Algarve,Dish Soap,Household,9.0,1.94,17.46
100958,2024-10-03,Porto-01,Norte,Dish Soap,Household,28.0,1.84,51.52
100959,2024-07-08,Porto-01,Norte,Paper Towels 4pk,Household,34.0,2.32,78.88
100960,2024-09-03,Evora-07,Alentejo,Tomatoes 1kg,Produce,38.0,1.7,64.6
100961,2024-12-22,Braga-02,Norte,Sparkling Water 1.5L,Beverages,9.0,0.54,4.86
100962,2024-04-29,Braga-02,Norte,Bananas 1kg,Produce,39.0,1.29,50.31
100963,2024-07-28,Lisboa-05,Lisboa,Croissant,Bakery,1.0,0.83,0.83
100964,2024-01-04,Braga-02,Norte,Frozen Pizza,Frozen,1.0,3.01,3.01
100965,2024-04-15,Sintra-06,Lisboa,Sparkling Water 1.5L,Beverages,24.0,0.53,12.72
100966,2024-08-06,Lisboa-05,Lisboa,Bananas 1kg,Produce,35.0,1.21,42.35
100967,2024-07-06,Lisboa-05,Lisboa,Dish Soap,Household,26.0,1.9,49.4
100968,2024-07-30,Faro-08,Algarve,Sourdough Bread,Bakery,24.0,2.06,49.44
100969,2024-09-04,Lisboa-05,Lisboa,Bananas 1kg,PRODUCE,37.0,1.19,44.03
100970,2024-12-27,Evora-07,Alentejo,Paper Towels 4pk,Household,9.0,2.47,22.23
100971,2024-12-03,Braga-02,Norte,Paper Towels 4pk,Household,15.0,2.33,34.95
100972,2024-12-24,Coimbra-03,Centro,Greek Yogurt 500g,Dairy,14.0,1.53,21.42
100973,2024-06-22,Porto-01,Norte,Sourdough Bread,BAKERY,25.0,2.18,54.5
100974,2024-01-03,Braga-02,Norte,Sourdough Bread,Bakery,31.0,2.17,67.27
100975,2024-08-10,Braga-02,Norte,Greek Yogurt 500g,Dairy,17.0,1.47,24.99
100976,2024-02-10,Porto-01,Norte,Paper Towels 4pk,Household,25.0,2.5,62.5
100977,2024-07-24,Lisboa-05,Lisboa,Paper Towels 4pk,Household,39.0,2.2,85.8
100978,2024-03-30,Faro-08,Algarve,Orange Juice 1L,Beverages,1.0,1.26,1.26
100979,2024-12-02,Lisboa-05,Lisboa,Croissant,Bakery,3.0,0.84,2.52
100980,2024-09-18,Aveiro-04,Centro,Ice Cream 1L,Frozen,11.0,3.67,40.37
100981,2024-07-03,Aveiro-04,Centro,Dish Soap,Household,1.0,1.96,1.96
100982,2024-02-14,Lisboa-05,Lisboa,Sparkling Water 1.5L,BEVERAGES,23.0,0.58,13.34
100983,2024-07-26,Aveiro-04,Centro,Frozen Pizza,Frozen,1.0,3.17,3.17
100984,2024-02-05,Braga-02,Norte,Frozen Pizza,Frozen,19.0,3.17,60.23
100985,2024-10-13,Sintra-06,Lisboa,Tomatoes 1kg,Produce,18.0,1.56,28.08
100986,2024-04-09,Faro-08,Algarve,Sparkling Water 1.5L,Beverages,37.0,0.52,19.24
100987,2024-03-30,Evora-07,Alentejo,Frozen Pizza,Frozen,7.0,3.09,21.63
100988,2024-09-14,Lisboa-05,Lisboa,Tomatoes 1kg,Produce,8.0,1.7,13.6
100989,2024-05-11,Lisboa-05,Lisboa,Paper Towels 4pk,Household,29.0,2.51,72.79
100990,2024-10-15,Faro-08,Algarve,Croissant,Bakery,22.0,0.86,18.92
100991,2024-08-22,Faro-08,Algarve,Ice Cream 1L,Frozen,2.0,3.57,7.14
100992,2024-05-12,Braga-02,Norte,Sparkling Water 1.5L,Beverages,15.0,0.58,8.7
100993,2024-04-27,Sintra-06,Lisboa,Sparkling Water 1.5L,Beverages,23.0,0.57,13.11
100994,2024-01-05,Lisboa-05,Lisboa,Croissant,Bakery,19.0,0.76,14.44
100995,2024-12-10,Sintra-06,Lisboa,Greek Yogurt 500g,Dairy,36.0,1.62,58.32
100996,2024-08-31,Sintra-06,Lisboa,Tomatoes 1kg,Produce,14.0,1.72,24.08
100997,2024-05-17,Coimbra-03,Centro,Paper Towels 4pk,Household,13.0,2.35,30.55
100998,2024-04-12,Aveiro-04,Centro,Paper Towels 4pk,Household,16.0,2.48,39.68
100999,2024-04-15,Aveiro-04,Centro,Croissant,Bakery,16.0,0.85,13.6
100050,2024-09-05,Faro-08,Algarve,Croissant,Bakery,26.0,0.86,22.36
100593,2024-10-05,Sintra-06,Lisboa,Frozen Pizza,Frozen,3.0,3.18,9.54
100062,2024-02-07,Porto-01,Norte,Orange Juice 1L,Beverages,40.0,1.42,56.8
100191,2024-11-02,Coimbra-03,Centro,Greek Yogurt 500g,Dairy,18.0,1.59,28.62
100964,2024-01-04,Braga-02,Norte,Frozen Pizza,Frozen,1.0,3.01,3.01
